15,238,114.45094332557277,20.89005246700546,-156.4810620622524,14.73874797523068
-1.9308966181446852,0.4964572558672253,0.0,-2.0662853311107794,10.526466827287909,239.58086507226557,0.0,114.45094332557277,0,-1.0314522219614175,0.0103439304012348,-2.3598627051923784,0.7282960798920883,0.0,8.870392232315247,0.4925238334616074,0.0470555437363843,0.8797363121064556,-0.47546190295472973
-2.169024106610128,0.0424728822308842,0.0,-2.023842898443095,10.647256501704875,246.89537126781025,0.5126465763748357,113.93829674919792,0,-1.157602510594866,-0.4499054377301619,-2.511902813676269,0.2093924362534273,0.0,9.645831808968564,0.5171177694325068,0.0452572332425192,0.8991177719472897,-0.4377067878940668
-2.3882097044008246,-0.4172847990861287,0.0,-1.9837949902550167,10.765162099545565,254.68245268685732,1.021978935261311,113.42896439031144,0,-1.272370605742762,-0.9062465986763618,-2.6531485520635294,-0.3011883333050728,0.0,9.628145929159986,0.539220239306729,0.0435695709825523,0.9159214060171337,-0.4013576684200727
-2.589559759211234,-0.8823705395911298,0.0,-1.9463092687649923,10.88035419893163,262.9884752043594,1.5287792811503405,112.92216404442244,0,-1.3793783701296587,-1.3594471743072036,-2.7863533469087285,-0.8047907458515509,0.0,9.610899409884452,0.5588368730741083,0.0420601950939393,0.9303196229552132,-0.3667497772930067
-2.7742781039540447,-1.3523272811765292,0.0,-1.911589498058377,10.993759110285746,271.86612718122484,2.0337349285552286,112.41720839701752,0,-1.4819606086033057,-1.810621252098664,-2.9132817386872825,-1.3030324848407355,0.0,9.594047095442386,0.5759732957066662,0.0406998315201112,0.9424898566246536,-0.33423475306981454
-2.943819353216048,-1.8266441713453132,0.0,-1.879997522827671,11.105903533539518,281.3755333238347,2.5374419341653427,111.91350139140742,0,-1.583374628759818,-2.261234104442745,-3.035497985955421,-1.797357710710474,0.0,9.57755121244474,0.5906351526870794,0.0394655229608781,0.9525769480726362,-0.30429781136351003
-3.099762576429153,-2.3047929848063244,0.0,-1.851969988147368,11.216738345756546,291.58561263278546,3.0403778910030548,111.4105654345697,0,-1.6870700721561018,-2.712814552542678,-3.1544144410382517,-2.289008134663736,0.0,9.56137977948621,0.6028281258752364,0.0383389773060548,0.9607304285232651,-0.2774834115933841
-3.243724590470323,-2.7862522860943124,0.0,-1.8279145670032304,11.32615295232198,302.5757452098293,3.5428996520079963,110.90804367356478,0,-1.7942405497209712,-3.167377014025782,-3.27132193599127,-2.778995889674898,0.0,9.545505432310714,0.6125579424628899,0.0373054150820172,0.9671268087976861,-0.25429458449759373
-3.3773812376227457,-3.2705008010061807,0.0,-1.808164513265167,11.434061340965645,314.43783310758795,4.045254828673249,110.40568849689951,0,-1.905091415820571,-3.626690506362039,-3.3874126647012264,-3.2680739071959635,0.0,9.529904538982228,0.6198303789566852,0.0363527469415351,0.9719601991617767,-0.23514542573777486
-3.5025118353813567,-3.757004671474861,0.0,-1.792955606216308,11.540376591217852,327.27886835858897,4.54759304389924,109.90335028167353,0,-2.019661483502812,-4.091962439479241,-3.5037839310717285,-3.756717320608611,0.0,9.514556522050192,0.624651261589345,0.0354709749950315,0.9754239559085159,-0.2203363479768637
-3.621009623696674,-4.245214305323108,0.0,-1.7823994305866544,11.64497124318948,341.2241600320813,5.049977729591251,109.40096559598152,0,-2.137829707894718,-4.56382945895341,-3.621285349536176,-4.24515507418751,0.0,9.499443331407342,0.62702646418858,0.0346517493636749,0.9776954752704344,-0.21002751637754372
-3.734675747216509,-4.734619636954746,0.0,-1.7763382802240022,11.747925089806708,356.4214264465584,5.552409382918846,108.89853394265393,0,-2.2592633967338664,-5.042222845085397,-3.740157253606824,-4.733476818168875,0.0,9.484549028787724,0.6269619042741279,0.0338880345196394,0.9789505168228219,-0.20409773544145474
-3.844959769983757,-5.2248178032276495,0.0,-1.774161567316438,11.849706192252448,373.0460357943083,6.054860184386058,108.39608314118672,0,-2.38336760901599,-5.526221438509219,-3.860325033362865,-5.221649240640093,0.0,9.469859456283617,0.6244635379681993,0.0331738546663541,0.9793924594755697,-0.20196635938292903
-3.953160588016286,-5.715455818558414,0.0,-1.7749846237345732,11.950383075507112,391.30778962299775,6.557287372255724,107.89365595331704,0,-2.5093846270012534,-6.014424521529257,-3.9816873821054704,-5.70954865646468,0.0,9.45536196898905,0.6195373541698509,0.0325040969392243,0.9792258980550844,-0.20277238613335233
-4.060535594787432,-6.206199597803135,0.0,-1.7779489132889064,12.04976834114684,411.4598064428956,7.059640683130146,107.39130264244262,0,-2.636675546272752,-6.5054486635646,-4.104137525237412,-6.197035890340345,0.0,9.441045217219788,0.6121893683443096,0.0318743575210674,0.9786205206372557,-0.20567420010216808
-4.168152681643321,-6.696771952751783,0.0,-1.7823255344298232,12.147661840822597,433.81030527959246,7.561878348805681,106.88906497676707,0,-2.7648459102156164,-6.998120358625037,-4.227577232431391,-6.684011026905544,0.0,9.426898967504856,0.6024256162035753,0.0312808200320121,0.9777109928272869,-0.20995526786599322
-4.276822896106303,-7.186968340882608,0.0,-1.78754303660527,12.24394407528215,458.7384571435509,8.06397566452041,106.38696766105237,0,-2.893636401308084,-7.491554195125687,-4.351921994699584,-7.170431074806098,0.0,9.41291395422546,0.5902521474978419,0.0307201584863217,0.9766022479755798,-0.21505359622439282
-4.387111349093037,-7.676651848208442,0.0,-1.7931770607099493,12.338577085972842,486.7160428174236,8.565925343481496,105.88501798209128,0,-3.022858113316712,-7.985137529086437,-4.477100077214009,-7.656303548246424,0.0,9.399081755716546,0.5756750200935843,0.0301894591575423,0.9753751375161268,-0.2205523545904617
-4.499379837470027,-8.165740228472638,0.0,-1.7989256150447528,12.43157823972642,518.3375595880302,9.06773373041012,105.38320959516264,0,-3.152377243197007,-8.478475105826305,-4.603049083304623,-8.141671240766705,0.0,9.385394690065002,0.5587002944801392,0.0296861571460371,0.9740911712859902,-0.22615567652103635
-4.613833847144905,-8.654192309827305,0.0,-1.8045829027912597,12.522995289250291,554.3628896938128,9.569416056300083,104.88152726927268,0,-3.282101277880147,-8.971332560438201,-4.729712236571172,-8.626596903428773,0.0,9.371845726906567,0.5393340288199187,0.0292079844869219,0.9727961625671011,-0.2316627421376216
-4.73056386988157,-9.141996343778366,0.0,-1.810016577819092,12.61288914904428,595.7791022712809,10.070992245674171,104.3799510798986,0,-3.411967294362037,-9.463589409783522,-4.857035309142451,-9.111151171972914,0.0,9.358428412309957,0.5175822746361124,0.0287529273960528,0.9715230279219093,-0.2369451544502336
-4.849578959756572,-9.629160730205474,0.0,-1.815149399123633,12.7013236055362,643.8922072132495,10.5724837521036,103.87845957346916,0,-3.5419329175427183,-9.955203197022598,-4.984964430540456,-9.595404337848075,0.0,9.345136804447847,0.4934510732147889,0.028319190810937,0.9702940383513319,-0.24192866539512053
-4.970833129481584,-10.11570686177188,0.0,-1.8199448435546064,12.788359872697022,700.4672844058211,11.073911425669724,103.37703189990305,0,-3.67196964847234,-10.446183345658708,-5.11344471326324,-10.07942146653306,0.0,9.331965418215034,0.4669464527846226,0.027905168799529,0.9691227307678585,-0.24657885697895698
-5.094245741799284,-10.601663706973556,0.0,-1.824395895593424,12.874054191870314,767.9496106937252,11.57529424176681,102.87564908380595,0,-3.8020580597888896,-10.936572553848205,-5.2424195309069495,-10.563260065197708,0.0,9.318909177316666,0.4380744265262888,0.0275094197226159,0.9680155990196628,-0.2508900158527702
-5.219716941479758,-11.087063798895835,0.0,-1.8285162520874456,12.958457199794584,849.8272291264728,12.076648678455484,102.37429464711728,0,-3.932184364827688,-11.42643367959457,-5.37183027182971,-11.046969525780222,0.0,9.30596337262625,0.4068409914545038,0.0271306452727579,0.9669736284864218,-0.2548764442073917
-5.347138924074861,-11.571940376855247,0.0,-1.8323332822941003,13.04161423580527,951.2531070508268,12.577988540726675,101.87295478484609,0,-4.062337939978006,-11.915840407151048,-5.50161641307521,-11.53059170589001,0.0,9.293123625836706,0.3732521282081682,0.0267676726943236,0.9659937155035652,-0.2585655460567345
-5.47640360142578,-12.05632550100272,0.0,-1.8358821809068715,13.123566087265504,1080.1730976976614,13.079325059749577,101.3716182658232,0,-4.1925094572920845,-12.404870321899368,-5.6317157909986895,-12.014162165695764,0.0,9.280385857602516,0.337313801777836,0.0264194396292759,0.9650700113369091,-0.2619921243438022
-5.607407028559538,-12.540249019673668,0.0,-1.8392008292110908,13.2043498935045,1249.514641648433,13.580667128444857,100.87027619712792,0,-4.32268934946335,-12.89359929604219,-5.762064975228515,-12.49771171432849,0.0,9.267746259511254,0.2990319631946477,0.0260849811423164,0.9641952388547174,-0.26519340370735955
-5.740050797838306,-13.023738317448414,0.0,-1.8423249424607555,13.284000054876694,1481.8162927651786,14.082021564538918,100.36892176103385,0,-4.452866379679604,-13.382096295249772,-5.892599675820137,-12.981268018198191,0.0,9.25520126933198,0.2584125522003551,0.0257634185643421,0.963362040666926,-0.2682043597745124
-5.874240478975405,-13.506818810908312,0.0,-1.8452831437230492,13.362549027186002,1820.1987204602003,14.583393316520551,99.8675500090522,0,-4.5830261287556375,-13.870417875699625,-6.023255127623833,-13.464857081719392,0.0,9.24274754908593,0.215461500914645,0.0254539498604774,0.9625644241827405,-0.2710530009015751
-6.009881091041349,-13.989515188253334,0.0,-1.8480916763256177,13.440027813631596,2358.809510910062,15.084785546559702,99.36615777901308,0,-4.713149246394088,-14.358601772700723,-6.153966401080142,-13.948504430963174,0.0,9.230381965551206,0.170184738512645,0.025155841282369,0.9617993677114799,-0.273755321902237
-6.146869553143199,-14.471853404546872,0.0,-1.8507485671076196,13.516465780222742,3350.0119955119903,15.58619954082618,98.8647437847466,0,-4.843209352267398,-14.846659124806688,-6.284668586966898,-14.432235821614835,0.0,9.218101572879352,0.1225881969230249,0.0248684201071229,0.9610686358740408,-0.27630974854175966
-6.285084127923187,-14.95386343271736,0.0,-1.8532272167380544,13.591889105869184,5777.533170346979,16.087634417892513,98.36330890768023,0,-4.9731705342292924,-15.334565101335338,-6.415296798176829,-14.91607726975736,0.0,9.205903597047138,0.0726778175546824,0.024591068299524,0.960380809260115,-0.2786910497394677
-6.424371182619818,-15.435582697525486,0.0,-1.8554697158480675,13.666316786272684,20973.726378556243,16.58908664262917,97.8618566829436,0,-5.102984519122652,-15.822248172952373,-6.545785931507396,-15.400054193341711,0.0,9.193785421915155,0.0204595590582135,0.0243232169618998,0.95975343057133,-0.2808440003036619
-6.564530412595476,-15.917059917801463,0.0,-1.8573808544433723,13.739752930851916,12868.715793444651,17.090549426285197,97.36039389928756,0,-5.2325878709843865,-16.309579307167912,-6.676070148914162,-15.88418949897924,0.0,9.181744576687626,0.0340605938735645,0.0240643414584592,0.9592149463642952,-0.2826777081259547
-6.705301241287664,-16.398358689380153,0.0,-1.858824983593228,13.81217494546546,4924.339383929728,17.592012220252844,96.85893110531993,0,-5.36190008993751,-16.796364325599537,-6.806082091926358,-16.36850063355158,0.0,9.1697787246092,0.09087662066314,0.0238139571193102,0.9588057231623395,-0.28406264314609053
-6.846354883169507,-16.879559692066152,0.0,-1.859629217706685,13.883519870779011,3044.935811128403,18.09346065715752,96.35748266841524,0,-5.490824115382704,-17.28234507049908,-6.935751961496285,-16.852996048598705,0.0,9.157885652749153,0.1499824539624336,0.0235716154443915,0.9585769602448265,-0.2848336554689216
-6.987296549265906,-17.360760396066794,0.0,-1.8595963995242997,13.953672557620418,2203.958575738566,18.594877320993835,95.85606600457892,0,-5.619250870356697,-17.76721562218658,-7.065006771524006,-17.337672186040862,0.0,9.146063262746155,0.2113719677233307,0.0233369007399849,0.95858630745147,-0.2848021965620278
-7.127679513851485,-17.842071823438033,0.0,-1.8585286788509428,14.022445339785197,1727.070777596061,19.096243521354385,95.35469980421838,0,-5.747068582810347,-18.25065654586208,-7.193770214862537,-17.822512619523117,0.0,9.13430956240652,0.2750389642255108,0.0231094271306941,0.958889850179485,-0.28377853199769154
-7.267031141760494,-18.323612307857083,0.0,-1.8562600039273545,14.08942355151704,1419.9107125454038,19.59754194977345,94.85340137579932,0,-5.874176513653391,-18.732386097529567,-7.32196351330933,-18.307490802252275,0.0,-13.498289725372668,0.3401090556391438,0.022903492410759,0.9595311832193484,-0.2816023942186523
-7.40489477475346,-18.80549720666236,0.0,-1.852697241251232,14.15229705793726,1205.5599817376444,20.0987599033611,94.35218342221168,0,-6.000502907905106,-19.2122281209934,-7.449514649193905,-18.79257468641933,0.0,-13.487033183549649,0.38935595150697,0.0229723711660921,0.9605283738049551,-0.27818203233783523
-7.540859219176087,-19.287831680871108,0.0,-1.847846046130799,14.173095794285294,1047.4785803083562,20.599891498012028,93.85105182756074,0,-6.1260174203440485,-19.690160045170817,-7.576415194657381,-19.277720884407312,0.0,-13.475738597799792,0.4352070583192604,0.023306923474818,0.9618665812691612,-0.2735190666801421
-7.674776705493604,-19.770655205332805,0.0,-1.8419254090419857,14.148501267227225,926.0829170732976,21.100942841603896,93.35000048396888,0,-6.250788382765336,-20.166487050312767,-7.702792675595656,-19.762867491797948,0.0,-13.46440392177926,0.4776665706211831,0.0236562429527992,0.9634691203795924,-0.26781944304880956
-7.806874561167671,-20.25391245874695,0.0,-1.835467885996692,14.111230400725749,829.9324945685943,21.601929284984426,92.84901404058834,0,-6.375101401947092,-20.641965874916774,-7.828806964644209,-20.24796812040043,0.0,-13.453026948859112,0.5167387736394736,0.0240214497565126,0.9651784705149881,-0.2615922782773765
-7.937526135693242,-20.73751100160737,0.0,-1.8291744113343025,14.060877564286743,751.8959760139803,22.102865792520788,92.34807753305198,0,-6.499355423211675,-21.117598803929432,-7.954621862540485,-20.73299284726723,0.0,-13.44160529391212,0.5524280457379377,0.0244037869030329,0.9668056697762579,-0.2555128115936291
-8.067130097106023,-21.22135168888619,0.0,-1.8237394631818733,13.996928252284768,687.2969478994262,22.60376398325452,91.84717934231824,0,-6.623949887780258,-21.594383921462143,-8.080403288458069,-21.2179208434717,0.0,-13.430136372375532,0.5847388626727473,0.0248046381174177,0.9681800827853227,-0.25025452502962986
-8.196164219674376,-21.705314441402763,0.0,-1.8198012869761548,13.91885470430436,632.9412698558511,23.104632978711816,91.34631034686096,0,-6.749264346266631,-22.07323543173432,-8.206317439471732,-21.702732657582374,0.0,-13.418617376069903,0.6136758036602177,0.0252255489580919,0.9691581187986846,-0.24643973049529708
-8.32521896050362,-22.189248947365304,0.0,-1.8179191200528877,13.826146876267014,586.5729121482076,23.60547999346953,90.84546333210324,0,-6.8756511203444415,-22.55494499953265,-8.332529513226126,-22.18740464577713,0.0,-13.40704524513524,0.6392435592726913,0.0256682519566248,0.9696202425879707,-0.2446151777049919
-8.454843308745076,-22.67301393733512,0.0,-1.8184561802243595,13.71862207151276,546.5531192632637,24.106310341169745,90.34463298440302,0,-7.003393378431544,-23.040014042587,-8.459204446537203,-22.671911220668637,0.0,-13.395416635289768,0.6614469411818777,0.0261346967060343,0.9694887296894645,-0.24513588681608464
-8.584468150252018,-23.15675823531773,0.0,-1.8208619238639985,13.597534224560118,511.6628159707269,24.60712082964457,89.8438224959282,0,-7.132433350880635,-23.52762505179735,-8.586510186568105,-23.156236675154023,0.0,-13.383727879420904,0.6802908937737533,0.0266270860919873,0.968896190651442,-0.24746751653727136
-8.713132200076778,-23.64073605348692,0.0,-1.8239443839373637,13.461830318598578,480.9763479454566,25.1079091743543,89.34303415121846,0,-7.262464302897952,-24.01602084846049,-8.71461209595289,-23.64035320747405,0.0,-13.37197494225291,0.6957805076649765,0.0271479202067501,0.968128780111189,-0.25045291996784785
-8.840409242393298,-24.125065386655105,0.0,-1.8266498510813904,13.310410744632094,453.7782170767038,25.60868292413356,88.8422604014392,0,-7.393221176606842,-24.503630243461483,-8.843670666729649,-24.12421224208733,0.0,-13.360153366501914,0.7079210351582425,0.0277000499491638,0.9674476456591625,-0.25307124077726334
-8.966233016454241,-24.609771772651904,0.0,-1.8282191807587056,13.14242617889706,429.50664784442654,26.109454231962808,88.34148909360997,0,-7.524544602689703,-24.989316290038435,-8.97384755185958,-24.6077671403486,0.0,-13.348258208472876,0.7167179076835802,0.0282867429420032,0.9670493023008777,-0.2545891728243477
-9.091285573262764,-25.09468301978419,0.0,-1.8286068769911537,12.95779358439282,407.714411892339,26.61023068863757,87.8407126369352,0,-7.656549899141184,-25.472991986090356,-9.105309011880614,-25.090985340369603,0.0,-13.336283960447982,0.7221767552849419,0.028911765259118,0.9669505263624237,-0.25496407505260754
-9.216198022241036,-25.579637833696,0.0,-1.8281114477598848,12.765725678772124,388.0410519834172,27.11101436593346,87.33992895963931,0,-7.789488085944807,-25.95507470669723,-9.238224379541403,-25.57384162628336,0.0,-13.32422445639164,0.7243034282273366,0.0295794836498632,0.9670767243439004,-0.254484988225773
-9.34099387128928,-26.064635346807037,0.0,-1.826866799679255,12.570698720147968,370.1928144709825,27.6118103240477,86.83913300152507,0,-7.923547800922182,-26.435748673143863,-9.372764346690069,-26.056317254816257,0.0,-13.312072756363078,0.7231040208208832,0.0302949946291295,0.9673927194414657,-0.2532811212302366
-9.4655170119875,-26.54972346953869,0.0,-1.8249785390551008,12.372823006962204,353.92790477838355,28.112626157847583,86.33831716772518,0,-8.058905523908422,-26.91516338483526,-9.50905848609924,-26.538411324894543,0.0,-13.037186736750764,0.71858489758612,0.0310642891998419,0.9678692552928266,-0.2514539811951865
-9.58859728648457,-27.03522750566875,0.0,-1.8219362939697408,12.190415934714554,339.0454883501544,28.61348833756257,85.8374549880102,0,-8.195369680630193,-27.392669198347992,-9.646999421956115,-27.020244054241783,0.0,-12.067809732407015,0.7115302579921892,0.0318858648674518,0.9686297598162862,-0.24850832661752734
-9.708377603377706,-27.521667389742507,0.0,-1.8166059143663733,12.01933466002614,325.37737214574696,29.114458481515992,85.33648484405677,0,-8.332327255283142,-27.866895085449872,-9.786306910267262,-27.5021162482579,0.0,-11.073028589922204,0.7041875813144561,0.0327322874023967,0.9699406364786312,-0.24334165633410973
-9.823221062392184,-28.00952105347532,0.0,-1.8078944322708872,11.852439976776228,312.7816342805859,29.61564728555688,84.83529604001589,0,-8.469191863390767,-28.336713000071647,-9.926742063935649,-27.984505907543767,0.0,-10.05308307162929,0.6970027003199087,0.0335754736064729,0.9720236720221807,-0.23488290918778257
-9.931556606703433,-28.499243789502724,0.0,-1.794961842490952,11.688140074152171,301.1376895248371,30.117209792472405,84.33373353310036,0,-8.605543103460443,-28.801571340815432,-10.068128248310796,-28.468105818520584,0.0,-10.378942455015666,0.6901378961923035,0.0344088620697699,0.9749799463988762,-0.22229283416260737
-10.031605861964891,-28.99142663385224,0.0,-1.7769808046559,11.52652323525653,290.3424267537977,30.61945854135124,83.83148478422153,0,-8.741095487677491,-29.26134566209233,-10.210410468249936,-28.95402843346973,0.0,-9.30682165963361,0.6798998026383408,0.0352776903471966,0.9788191769765225,-0.20472669289324033
-10.121272249137984,-29.48654129996708,0.0,-1.753878662705,11.368239294056233,280.3071561653836,31.12262709520837,83.3283162303644,0,-8.875936869981802,-29.71712227777909,-10.35357082315758,-29.443529888552696,0.0,-9.611854457783968,0.6695047904705427,0.0361940403721955,0.9832871907340305,-0.1820612549071834
-10.19833659498865,-29.98594705208379,0.0,-1.723507425551867,11.21438931048628,616.6666405397556,31.627943846017857,82.82299947955491,0,-9.009838399334871,-30.168868080624517,-10.498047515531598,-29.939818728077004,0.0,-8.482544755219768,0.2886680475298451,0.0371466169805627,0.9883623031377474,-0.15211823604107236
-10.259573504532089,-30.49295124341968,0.0,-1.683008859146255,11.065533897737458,48.51270760266063,32.138632801373845,82.31231052419892,0,-9.142411651068338,-30.618839629053426,-10.64417451767773,-30.44961213323803,0.0,-8.756891482486958,3.480975786846848,0.0381318992841431,0.9937107772574303,-0.11197719036676086
-10.30034697817556,-31.007898979339053,0.0,-1.6368812293190564,10.922030985677376,25.139816739740773,32.655192233464135,81.79575109210863,0,-9.273154636755775,-31.075879876302714,-10.78827141167931,-30.975607519110465,0.0,-7.56758128439861,6.367857349548006,0.0391142390279232,0.9978171874035552,-0.06603681187079248
-10.318346447048032,-31.527239300692795,0.0,-1.585365723191151,10.789551960528565,16.89610588440214,33.174844376982755,81.27609894859,0,-9.397710246354324,-31.54065336357322,-10.924715602845064,-31.518404242959367,0.0,-7.805179003103742,8.978867112068327,0.0401059124204752,0.9998938682217032,-0.014568880967291439
-10.312377832880118,-32.04705989851887,0.0,-1.529769126924784,10.669406178944447,12.69980552135634,33.69469923968901,80.75624408588376,0,-9.511151119494189,-32.014169353806764,-11.046782649261411,-32.07720738866919,0.0,-6.555297404875787,11.331354427850712,0.0411128393789783,0.9991585024815786,0.04101569112875486
-10.282541666327704,-32.56289374166045,0.0,-1.4748808499621011,10.56285142483932,11.111686643325015,34.21139523402684,80.23954809154593,0,-9.60800753382506,-32.49799634263248,-11.14626062020904,-32.64599274421216,0.0,-6.749027493878946,12.277569369386104,0.0421677519577188,0.9954036360677156,0.09576847760704284
-10.230773722618183,-33.070840223012354,0.0,-1.421167751347677,10.469023980096749,10.318186180634807,34.721972895028266,79.7289704305445,0,-9.68125114449512,-32.9879967649721,-11.215423003599485,-33.21928135107655,0.0,-5.435932910059241,12.569664608330877,0.0432164118987678,0.9888265147227397,0.14907086831866057
-10.158707749599648,-33.568310414321914,0.0,-1.368071904006953,10.383372510618551,9.574681602419124,35.224635899146016,79.22630742642676,0,-9.72428383497658,-33.479015454965555,-11.247319301479887,-33.79207232292756,0.0,-5.582679135172135,12.872759188700352,0.0442207677870725,0.9795216819989337,0.20133870590122416
-10.067853469757807,-34.0533436808748,0.0,-1.3168728304831852,10.299968389977732,8.892149702136246,35.718105016547035,78.73283830902574,0,-9.732195761833022,-33.966231966478404,-11.233348671525166,-34.35581933613208,0.0,-4.211720653728295,13.2382600460938,0.0451736110340343,0.967934278055696,0.25120356957017687
-9.960089745263248,-34.524653473837326,0.0,-1.26803936804305,10.214222501916336,8.27953122437063,36.20157780922448,78.24936551634829,0,-9.703922698348247,-34.44463723629662,-11.178973013347058,-34.90538336977016,0.0,-4.3155432616127545,13.582607594790836,0.0460874163756624,0.9545181224688231,0.2981529035219897
-9.83731012046358,-34.98179186771556,0.0,-1.2220337902284415,10.123774571100949,7.744083357209756,36.67491737805801,77.77602594751475,0,-9.642154317697074,-34.91082799213437,-11.088921204120371,-35.43691117217674,0.0,-2.8928584412453096,13.971957948697588,0.0469652700522761,0.9397963169992292,0.3417351058271368
-9.698191327093454,-35.424738998142665,0.0,-1.177547927635018,10.04401450932898,7.291767339446275,37.139197680270335,77.31174564530244,0,-9.550100991998212,-35.36330264536863,-10.966404097638108,-35.95086629141663,0.0,-2.9585213272274244,14.295782923205351,0.0478234066625746,0.9236691784401961,0.3831908777614794
-9.540691553046756,-35.85366358984845,0.0,-1.1332722182347033,9.966276507343352,6.927671995403781,37.59612490007097,76.8548184255018,0,-9.430340549315856,-35.80204586960413,-10.813561006864145,-36.449060252799775,0.0,-1.4877606489177502,14.625629855778914,0.0486771437815799,0.9058034689381483,0.4236980949445216
-9.364055838217606,-36.26910264962879,0.0,-1.0881015313742692,9.889756209145402,6.656471595849663,38.04755572328131,76.40338760229145,0,-9.284743765267624,-36.2275398838513,-10.631601253151889,-36.93334822074707,0.0,-1.7668890719337615,14.958440581875058,0.0494444196904502,0.8857473032356346,0.46416776580327174
-9.167253270500945,-36.67403389829019,0.0,-1.045024100206449,9.813929955630428,6.910724127021334,38.49777852013011,75.95316480544265,0,-9.11280955090018,-36.64244282930154,-10.422386545999066,-37.40232730268957,0.0,-0.2658115819407761,14.369695917048814,0.0500693067513525,0.8649366336417357,0.5018810813175786
-8.948983300461306,-37.07123996031308,0.0,-1.00050187437888,9.73726693103087,7.302845960067138,38.95100521344024,75.49993811213253,0,-8.912026893745308,-37.04753671029348,-10.183173758332108,-37.86283004155432,0.0,1.249753503455974,13.77043019801838,0.0503598069655096,0.8417420427067114,0.5398799251129207
-8.70855543490728,-37.45961233550084,0.0,-0.9529226479496448,9.65864961379522,7.639768586814135,39.40777502455285,75.04316830101992,0,-8.6849816271117,-37.44285833995667,-9.912677780895669,-38.315386701451565,0.0,2.7663076683684764,13.530257227606713,0.0502041651617685,0.8151120832151665,0.5793032813618714
-8.44592046771192,-37.836672588922674,0.0,-0.9025442632557744,9.5772301254441,7.898329000202595,39.86728733200962,74.58365599356314,0,-8.432287158098484,-37.825910276422,-9.611445391461894,-38.75675317187704,0.0,4.26981831244051,13.638241907131208,0.0496004184356928,0.7849059119788037,0.6196149686222263
-8.161641960963008,-38.19973797887327,0.0,-0.8492846159172903,9.49226375156414,8.059351364685295,40.3284063478606,74.12253697771217,0,-8.154976295265055,-38.19387388584222,-9.28020154480747,-39.18378634817956,0.0,0.0,14.999999999999998,0.0478185745240345,0.7508080715001159,0.6605204310014013
-7.856924891647552,-38.54594294625382,0.0,-0.7932981838064966,9.403339542012182,8.109585257860545,40.7896116945026,73.66133163107017,0,-7.85462994195572,-38.543683973391545,-8.920419067689426,-39.59276523234119,0.0,-1.8026298597029529,14.848932363052407,0.0465466705793462,0.712670815817469,0.7014986160229135
-7.5335694151893025,-38.872526511440334,0.0,-0.7348370737585219,9.31033528253952,8.043184835487898,41.24919366673984,73.20174965883292,0,-7.533357252598889,-38.87229173168142,-8.53420414675846,-39.97983190668415,0.0,0.0,15.000000000000002,0.0464725664933817,0.6704662830416191,0.7419399998007625
-7.19391833150902,-39.17697523417763,0.0,-0.6742237883665816,9.21327204345664,7.86245500830207,41.70532071419654,72.74562261137623,0,-7.193805742119369,-39.17683434813982,-8.124294364390261,-40.34117901353652,0.0,-6.408773730034828,14.27314859903988,0.0470677805701626,0.6242911347190794,0.7811917684609614
-6.840533568394483,-39.45736933803123,0.0,-0.6120828319419673,9.112111907322255,7.618446043302758,42.15643227941891,72.29451104615386,0,-6.83887733797273,-39.4550101149372,-7.693387831079846,-40.6722205120937,0.0,-4.937829399107712,13.881954991290955,0.0483044341460108,0.5745734053356902,0.8184530541704568
-6.475241860563965,-39.71301171792261,0.0,-0.5489593812409428,9.006421521017753,7.370003409302242,42.60229218814167,71.84865113743109,0,-6.470838317909397,-39.70581255594432,-7.245464101316203,-40.972214842639445,0.0,-3.4422492544473724,13.679180749506836,0.0492561003382204,0.5217997930748801,0.853067978502893
-6.099348363138788,-39.94379928751066,0.0,-0.4850196410803506,8.895859761557299,7.1241633164396365,43.04338041478447,71.4075629107883,0,-6.091683070191901,-39.92925435370996,-6.783468744603632,-41.24192132003363,0.0,-1.9306169889808569,13.670685454140866,0.0499525652841634,0.46622573533050615,0.8846657921020394
-5.713878285954987,-40.14971094045874,0.0,-0.4208017975691596,8.823079775168829,6.889014535033424,43.48040076811357,70.9705425574592,0,-5.702633189540022,-40.12458417551071,-6.3097987168883805,-41.48127378733954,0.0,-0.4124242047955807,13.86015467273642,0.0503559278617153,0.4084924344035169,0.9127617055042835
-5.319392100304279,-40.33072884939786,0.0,-0.356905271422176,8.762606781506003,6.67274636714063,43.914436289731256,70.53650703584151,0,-5.30486579178797,-40.29177113795207,-5.826382348118697,-41.69041219620102,0.0,1.1026461915996078,14.248499491859732,0.0504485227679262,0.34937620432759364,0.9369825333748989
-4.916264641808892,-40.486554368456645,0.0,-0.2928188600212186,8.71508013037836,6.483445527913234,44.34663224087251,70.10431108470026,0,-4.900535445412614,-40.43438201205503,-5.333348417703976,-41.86998444695965,0.0,2.605524279425899,14.831614674331917,0.0502378324797176,0.28865224079547097,0.9574340101979631
-4.502768075239034,-40.61754481186232,0.0,-0.2313945065397777,8.680517999511578,6.695686028224341,44.7803809086845,69.67056241688826,0,-4.487753782317181,-40.55382091664264,-4.833104514876877,-42.01956385972995,0.0,1.4941673492680552,14.743738729977863,0.0497585748371944,0.22933508558247892,0.9733475322416332
-4.076259851159966,-40.72442119082788,0.0,-0.1701474526633524,8.655334665610933,7.101556778152649,45.22007605942859,69.23086726614417,0,-4.063585680654395,-40.65065207350761,-4.3195623462023525,-42.14054623768704,0.0,2.980945292085873,14.314486063067296,0.0491961986197201,0.1693276743261041,0.9855598098072551
-3.6364584107068234,-40.8059581145664,0.0,-0.1075730130033537,8.63053083274555,7.568780261643258,45.66737190890341,68.78357141666936,0,-3.6275999887616,-40.72392800718912,-3.790446429880297,-42.23190664419732,0.0,2.944449681589877,13.846410524608894,0.0486962624539202,0.1073656613688642,0.9942196008723758
-3.184476949359185,-40.8602117201353,0.0,-0.0438293970271548,8.605119688118558,8.086508056325298,46.12259789137714,68.32834543419563,0,-3.1806147476246016,-40.772149173934906,-3.2472433477712195,-42.29135624334612,0.0,4.4032445928934365,13.502033835307309,0.0481283436471022,0.04381536554581137,0.9990396457308823
-2.722117654538415,-40.88536964558796,0.0,0.0211026615486806,8.578739166901812,8.641872500147986,46.58564112771716,67.86530219785561,0,-2.724053968863688,-40.79362638920921,-2.691912801490372,-42.31648624732386,0.0,5.8423158082896425,13.312051103049386,0.0473424604448729,-0.021101095335839034,0.9997773471006571
-2.2518727054998866,-40.87973405070367,0.0,0.0869713907942115,8.551273158796484,9.219809529918196,47.05591984510287,67.39502348046989,0,-2.259991905351028,-40.7866147136925,-2.1276125512902704,-42.304877339337146,0.0,5.715214722828247,13.11232665612183,0.046475885532249,-0.08686178998951267,0.996220371925719
-1.776812475022282,-40.84175299330873,0.0,0.1536833100976453,8.522944419141064,9.803053700044597,47.53249594952091,66.91844737605186,0,-1.7914308004953312,-40.74738324092835,-1.5579958183844025,-42.25434116845217,0.0,5.579848924790727,13.021235207360895,0.0455809490996608,-0.15307906103882188,0.9882139449893796
-1.3003453323118348,-40.76991343560126,0.0,0.220896602867273,8.494238242165128,10.372331843605542,48.01434847896769,66.43659484660508,0,-1.3212484768750865,-40.67682897286802,-0.9884718413280486,-42.15872726986007,0.0,-8.534948647086606,11.61845687614321,0.0458777494514334,-0.21910452769783842,0.975701391790699
-0.8275726928096788,-40.66289672938071,0.0,0.2912467591784206,8.465613443338514,10.124077392023954,48.499081956326265,65.9518613692465,0,-0.8542155290618777,-40.57401945471963,-0.4207631882184832,-42.0199639624649,0.0,-7.078578030833766,11.038087097872474,0.0476298775686701,-0.2871467018990393,0.9578866172927275
-0.365129887720801,-40.520006642202944,0.0,0.3632030949446362,8.439211221783951,9.55664927608636,48.983097374461,65.46784595111177,0,-0.3959576400403515,-40.4388946786637,0.1367904173756456,-41.84062648709388,0.0,-5.570251628876754,10.932184798464512,0.0494314567727783,-0.3552701874005492,0.9347636567306083
0.0815273794755258,-40.34246460952832,0.0,0.4359788101690696,8.420287266507229,8.919964657953486,49.46374681813646,64.98719650743631,0,0.0487408372529612,-40.27208870147392,0.6786047468519296,-41.62408380628872,0.0,-4.021703541344778,11.071823850042527,0.0508923984837726,-0.42229785297415834,0.9064571271568315
0.5080788762464498,-40.13355499668271,0.0,0.5090197989673635,8.41797387370074,8.250915034935293,49.93870934901318,64.51223397655959,0,0.4755220051619533,-40.07521693268621,1.2003512950079922,-41.374025328242375,0.0,-2.447026615996152,11.471792267870594,0.0519318136727566,-0.4873215474333911,0.8732226001467925
0.9115675991995704,-39.898507035146864,0.0,0.5805788857117309,8.439775144783718,7.582731851471621,50.40566833412054,64.04527499145223,0,0.8809004489613356,-39.851758054915926,1.6967063012213408,-41.09537186850248,0.0,-0.8617690578223126,12.155247409841516,0.0524907788677827,-0.5485080612174789,0.8361452665532721
1.290706800795181,-39.643048262725934,0.0,0.6484469220674983,8.4825856602203,6.944048282075291,50.86283976651037,63.5881035590624,0,1.2626614305011907,-39.60603721227918,2.162747269233596,-40.793866862398495,0.0,0.7184248867865289,13.148312640378448,0.0525486106588906,-0.6039492961830158,0.7970227397258122
1.6451970944194303,-39.37215066120304,0.0,0.7118384064518228,8.53878254556342,6.358601470592682,51.30898870888798,63.14195461668479,0,1.6195616068358378,-39.34243629195424,2.595332925363282,-40.473463317150205,0.0,2.279385049359812,14.471686666755822,0.0521337823764869,-0.653226846088384,0.757162259723385
1.9766317138203933,-39.08568832297833,0.0,0.7675126795512475,8.551391178584408,6.358577518122089,51.74706356340332,62.70387976216945,0,1.954123452525047,-39.06236016776871,2.9943741649052167,-40.14050342178942,0.0,2.630613364829303,14.826926391126651,0.0513317663819935,-0.6943474131689485,0.7196399584692261
2.288236679163818,-38.78100957727192,0.0,0.8208853682609661,8.555778682453846,6.575465225671525,52.18286947491888,62.26807385065389,0,2.270373016934468,-38.76437082358062,3.370224181343911,-39.78880536487196,0.0,1.5147062483255436,14.732411334214392,0.0504394009904093,-0.7317495600877083,0.6815736066716825
2.581281467761791,-38.45753727467113,0.0,0.874208304148393,8.573606569262495,6.843576165935586,52.61934350470104,61.83159982087172,0,2.569662633570322,-38.44781843975571,3.726105534446379,-39.41515108755225,0.0,3.0150244486219493,14.588949893645168,0.0496332893075974,-0.7670357871942022,0.6416043182237559
2.8563996184983838,-38.11576397494965,0.0,0.9269534479470528,8.609382579705981,7.152593244875874,53.058090567673815,61.39285275789895,0,2.8495858303986887,-38.11064999427191,4.060764751502554,-39.01968113952903,0.0,2.493276871163064,14.301981053056137,0.04898561729229,-0.7997948912485489,0.600273380996294
3.1140120398650413,-37.75620223785823,0.0,0.9790563971419844,8.661692492294629,7.491035202147073,53.500412625028616,60.95053070054415,0,3.1110062035133192,-37.75418207976427,4.37280725469012,-38.60221148263435,0.0,3.957014038965456,14.177170997294718,0.0483342375829324,-0.8299713927711265,0.5578059583596758
3.354064934132536,-37.37949661467555,0.0,1.0303732503053114,8.729849891772108,7.846193959679036,53.94710325464116,60.5038400709316,0,3.3537519560798383,-37.37930882632172,4.660073760800069,-38.16310826266978,0.0,4.345115942289945,14.180486426752683,0.0474749054710131,-0.8574910857575643,0.5144988220067307
3.5762799864109085,-36.9865096322681,0.0,1.0808016020535776,8.81341035555826,8.204233450900514,54.3985656537408,60.05237767183197,0,3.5761618823385715,-36.98644663775613,4.919934740409302,-37.70319004653017,0.0,2.7982836631737724,14.203976769632382,0.0465516130739938,-0.8823353412711465,0.4706212336305378
3.780288257285201,-36.57835626049132,0.0,1.1302103358605813,8.911994370887085,8.55046350233944,54.85486440398879,59.59607892158398,0,3.776180483604008,-36.576419459201865,5.14953384059133,-37.22395088598788,0.0,4.183811582094877,14.116721164789526,0.0457781622258459,-0.9045019112299121,0.4264695681774214
3.9657608530552793,-36.156379141219865,0.0,1.1784352144808474,9.025126703128496,8.869789098635502,55.3158034161914,59.135139909381365,0,3.951482669620671,-36.15047057673312,5.346875671518569,-36.727908846373325,0.0,4.1041189235219,14.194230345849071,0.0450447907955674,-0.9240088150287,0.3823711675182344
4.132485201508873,-35.72209193101284,0.0,1.225281594634767,9.15175860017337,9.147318507168547,55.78099411828752,58.66994920728525,0,4.099588644377384,-35.71025068834853,5.511572278794668,-36.218499645415584,0.0,2.6463021549317487,14.456256382644431,0.0441373855326707,-0.9409012472393818,0.338681034224498
4.279186614802816,-35.2768321904427,0.0,1.2714863126575555,9.260648065092404,9.3690941861961,56.249798492451234,58.20114483312153,0,4.21793915840018,-35.25793242578849,5.644257561903718,-35.698066330630816,0.0,3.2762278514003342,14.465249428745018,0.0433990554928538,-0.95554016646563,0.2948609676963639
4.40447514098154,-34.82219088828939,0.0,1.318092510128193,9.376900825719796,9.522890346843612,56.721387220492616,57.72955610508015,0,4.304077934109553,-34.79626591771397,5.74580180300516,-35.168553654031825,0.0,2.5664763102100068,14.814788880446772,0.0427133731490592,-0.96823994590194,0.2500228132787256
4.507872421326981,-34.3600915972089,0.0,1.365326204976545,9.502506278853636,9.599003885566008,57.1949130934921,57.25603023208066,0,4.356589715811348,-34.32856257025408,5.817006360132208,-34.63292991738161,0.0,0.2060689710366581,14.902603140785208,0.0420965700664191,-0.9789651749663124,0.20402741532249355
4.589286848649452,-33.89258190080508,0.0,1.4132745357784735,9.633239963718896,9.59095520290234,57.66945879751632,56.781484528056446,0,4.377294139402929,-33.85890946173356,5.858913699478767,-34.09424653790542,0.0,0.7829181583597168,14.996814830261318,0.0417858342986873,-0.9876190752459837,0.1568711643683059
4.649142257438963,-33.42031549100715,0.0,1.459280056720032,9.76127300847714,10.34187425339168,58.14550315656785,56.30544016900492,0,4.370801337990914,-33.389146638595946,5.872786765754539,-33.55734024165866,0.0,2.030320944248742,14.103701934237092,0.0414347699425306,-0.9937885018784903,0.11128527995249832
4.688676532641759,-32.94255168256427,0.0,1.5049654669675234,9.889147008625788,11.3984300789237,58.62489987701309,55.82604344855967,0,4.341775545245132,-32.919681845720184,5.860522242669516,-33.01980692590017,0.0,3.266728791944409,13.081688010519253,0.0409864011261709,-0.9978339313747407,0.06578332157339933
4.7084508738552575,-32.459451239117186,0.0,1.550095743103996,10.017617238288032,12.76633472272318,59.108404854266894,55.34253847130587,0,4.294623239006825,-32.45088354170021,5.82468891848896,-32.482561319272286,0.0,4.489799505166992,12.030160645215156,0.0404679554499473,-0.999785750568335,0.02069910530702012
4.709078832295353,-31.971601412310868,0.0,1.59387628251056,10.146307258269914,14.543838715384544,59.5962550852259,54.85468824034687,0,4.233172679350434,-31.982587255977283,5.769634592312425,-31.947119485134746,0.0,5.696898670224919,10.950513710216008,0.0398712466109196,-0.9997336696448975,-0.02307790671501372
4.691338869187182,-31.4798178993262,0.0,1.635494764743764,10.27450760381261,16.891590628268716,60.08835845844602,54.36258486712675,0,4.162576975692404,-31.51407578111049,5.698546240113528,-31.414562079135745,0.0,6.885269619851013,9.836046309955902,0.039193322228621,-0.9979077860306832,-0.06465331066032254
4.656185425872034,-30.985068923053117,0.0,1.6741227241097751,10.401683395635208,20.087847966380565,60.58435474280728,53.86658858276549,0,4.086693306714443,-31.044122801607923,5.614564522916023,-30.885689140783228,0.0,8.052195521008267,8.672949846727596,0.0384360880408992,-0.9946665754661541,-0.10314263740293561
4.604873353925826,-30.48835716354343,0.0,1.7089461202348213,10.527567628629344,24.655479789058557,61.08370982765434,53.36723349791843,0,4.007825792837776,-30.571367930876427,5.520729262660559,-30.361020738934343,0.0,9.195137104509197,7.441297292108519,0.0376054690018364,-0.9904724847664017,-0.13771077271103402
4.5390073995619264,-29.99062204650177,0.0,1.7391596396259754,10.651887332100875,31.699205144560946,61.58578409574696,52.86515922982581,0,3.926046885722928,-30.09480840389043,5.419949393783144,-29.840886239094235,0.0,2.8358785842117653,8.17316534308567,0.0340198008173522,-0.9858603453010794,-0.16756902924716285
4.460550776825946,-29.492665647820463,0.0,1.7639966350163616,10.774346408757845,44.01303642628787,62.08988330883778,52.36106001673498,0,3.840934840065529,-29.61388766318638,5.314731975620921,-29.325553150767917,0.0,3.777511869819524,5.973225424596949,0.0312730147407244,-0.9813948006487014,-0.1920006386960613
4.371840456975741,-28.9951002203012,0.0,1.7827599964554994,10.894534382840508,71.27030271663517,62.59529489903963,51.855648426533136,0,3.7520753569428296,-29.128471305539165,5.20683183099327,-28.81541326195011,0.0,4.713433409194412,3.755677551610825,0.0310571883517034,-0.9776196829641596,-0.21038002633581016
4.275582722309747,-28.49832522837688,0.0,1.7948921182687887,11.0118788800057,184.8317908841348,63.10130966570601,51.349633659866754,0,3.659116893302322,-28.63883258124714,5.0976013870656605,-28.31096745255212,0.0,5.641234464739947,1.4790581281706978,0.0307635401127416,-0.9749954432239016,-0.2222248539039404
4.174816928356385,-28.00253538825901,0.0,1.800019164419745,11.125670204716524,310.4867643846001,63.607235856760745,50.84370746881202,0,3.5617727381449047,-28.14557315303325,4.988335895092305,-27.81272209835049,0.0,6.558587003314577,0.9018382375907406,0.0303951827763494,-0.9738432765030509,-0.2272207578761289
4.072814975075072,-27.50777616021201,0.0,1.798154208049498,11.235155470712352,83.70752021497962,64.11240027772769,50.33854304784508,0,3.4598345152427297,-27.649594161478863,4.880223011887513,-27.320975762008693,0.0,-13.314992235908504,3.2365785402728173,0.0304066121962185,-0.9742653395139781,-0.2254041885629302
3.9729425464313946,-27.0140061256578,0.0,1.7892297377521784,11.33966239155188,47.96096610398644,64.61616942031867,49.834773905254096,0,3.353462946036414,-27.151515152627315,4.774390661037169,-26.83610462521173,0.0,-13.302780887904271,5.369502241362466,0.0309572912325311,-0.9762381278029669,-0.21670052566562434
3.87830014648492,-26.521243090162063,0.0,1.7751581086713812,11.438725481191492,38.26266142186237,65.11793888234142,49.33300444323135,0,3.244192783850511,-26.652665072726183,4.671528520267458,-26.356842467094847,0.0,-13.290509692084864,6.3819706821417,0.031648638676936,-0.9791907053647738,-0.20294226402412244
3.7910953590688585,-26.029136853662145,0.0,1.7566200110229713,11.532271920685906,35.92788902735096,65.61771205384065,48.83323127173212,0,3.1337754908375066,-26.15270806111545,4.572340149924274,-25.882268689791868,0.0,-13.278154248343409,6.427234135950741,0.0324040141709681,-0.9827844033495521,-0.18475610012355434
3.713222363297679,-25.53684818460709,0.0,1.7331287992186797,11.620979447765825,34.004718533835366,66.11612186228183,48.334821463290936,0,3.02369114155936,-25.64977518409177,4.477524071305823,-25.41167575460632,0.0,-13.265687343247036,6.401665729818202,0.0332679946277735,-0.986852992920975,-0.16162045156141042
3.646491409647806,-25.043611942148832,0.0,1.705818482763919,11.706964071945878,32.43089642327769,66.61385171978424,47.83709160578853,0,2.9156685568934426,-25.1428932860752,4.387478327235846,-24.942949823096697,0.0,-13.25307894929534,6.305190817576489,0.0342582664954968,-0.9908983489825766,-0.1346122653535105
3.5922736227401684,-24.54883848516359,0.0,1.6754438965082503,11.791272004844046,31.15844372889476,67.1115869326779,47.33935639289487,0,2.811480981481075,-24.630846114598828,4.302688615818193,-24.474222708299155,0.0,-12.939573932905825,6.139177412141327,0.0353950061878087,-0.9945294382067643,-0.10445667302828342
3.5517150943166347,-24.052054766547084,0.0,1.642739378152735,11.87432171438214,30.15021320998516,67.61002354580972,46.84091977976304,0,2.7130607661206776,-24.11249442853738,4.22371129298283,-24.00362572762052,0.0,-11.819368318739574,5.916407432350431,0.0366881571870446,-0.997413214693644,-0.07188100691066383
3.525738274336605,-23.552881685811503,0.0,1.6083477269350224,11.95637743912864,29.37743727040941,68.10987208257593,46.34107124299683,0,2.6225457773954908,-23.586813779468898,4.151220581973574,-23.529382903087274,0.0,-12.613396929175508,5.625348289652852,0.0381752003094119,-0.9992950290200135,-0.03754257550954951
3.5151168496848606,-23.05102740194003,0.0,1.57261585450815,12.037418876896323,28.817954279091317,68.61183875169031,45.83910457388245,0,2.5426431873827715,-23.05279684667167,4.086053807758892,-23.04998856517587,0.0,-11.392628957570489,5.29455646241606,0.0398802374090659,-0.999998344659907,-0.0018195267092741027
3.520494389782173,-22.546169159156552,0.0,1.536485611103007,12.11696650889074,28.454908994762143,69.11672563332215,45.33421769225062,0,2.4767548468140297,-22.510343649106744,4.029155451254256,-22.5636285359642,0.0,-10.115191293630678,4.95714982022552,0.0417454270133709,-0.9994114451362225,0.03430398418153874
3.542826079618009,-22.03865603606861,0.0,1.497523124375033,12.194944104651404,23.44514401526406,69.62472984046752,44.82621348510524,0,2.427233342987336,-21.95676637701511,3.981882025140957,-22.07088477017893,0.0,-8.778529142983563,5.576782627085164,0.043710332436741,-0.9973167197617651,0.0732076531766515
3.583337072855179,-21.532071688892657,0.0,1.4564557459916858,12.272775283253544,17.627495715222118,70.132931416003,44.31801190956976,0,2.397698641328428,-21.39591120731841,3.9461956516743375,-21.573742907977326,0.0,-7.38629399103024,6.907266642765306,0.0455813849918695,-0.9934702344970813,0.11409159990250939
3.6416779259728815,-21.031734991649525,0.0,1.4161822576696488,12.346121369055682,13.89993188185304,70.63665799436737,43.8142853312054,0,2.3913634816458416,-20.83686347295464,3.925688131004897,-21.076000256463956,0.0,-5.948556789702882,8.215319875759755,0.0471560572401892,-0.9880710372410026,0.15399878364938227
3.716241881745298,-20.542325693710996,0.0,1.3768048756497169,12.412819913114568,11.264756759333377,71.13171480364194,43.319228521930825,0,2.410193436321229,-20.285736644758988,3.924069788077029,-20.58315600518847,0.0,-4.477521453300971,9.5986353953755,0.0483654191607179,-0.9812425935869108,0.1927770020796893
3.805479971878557,-20.06806687508856,0.0,1.3385912092727423,12.463580901309442,9.295427054857424,71.61429626181432,42.83664706375845,0,2.454868865934412,-19.74868708806614,3.944302894318796,-20.10089441160714,0.0,-2.9867341474525824,11.144936697879874,0.0491613148337884,-0.973161310934447,0.23012401634846466
3.908220832715687,-19.61203483951168,0.0,1.3014819038353105,12.493066592473186,7.781612367521909,72.08175845489302,42.36918487067975,0,2.5250323416060727,-19.23024689365249,3.9893669231933058,-19.634432798573,0.0,-3.018784615274032,12.754806853027182,0.0496924061523733,-0.9639535348067128,0.26607063485782045
4.023281305486064,-19.17652720479484,0.0,1.26384953296204,12.5128696859527,6.608935276555117,72.53220913176098,41.91873419381179,0,2.6201533705960154,-18.731785756295828,4.060818929390055,-19.18842529107276,0.0,-1.5067570954589853,14.566235152712771,0.0500160757788366,-0.953260536493085,0.30214954834471613
4.149531142245323,-18.75850483129915,0.0,1.2317373195092889,12.52715729051558,6.319579151482004,72.96888031929767,41.4820630062751,0,2.737915072566873,-18.26065820583134,4.159172918821314,-18.76190527851351,0.0,-1.782212807606541,14.9573709828498,0.0500670044745759,-0.9430680570169054,0.33259981935406824
4.287285159386471,-18.34786540351349,0.0,1.204296311566387,12.538022867650696,6.7111268850437495,73.40200952506733,41.04893380050544,0,2.879639751488153,-17.807551849559736,4.287340160020622,-18.34788651507181,0.0,-0.2840340031101707,14.043614228545534,0.0499757762464247,-0.9335872810775696,0.3583500922424758
4.437729626187603,-17.93736204890957,0.0,1.1756971461014962,12.547274326403311,7.266075100262014,73.83921261486903,40.61173071070374,0,3.050806112120144,-17.35897575338936,4.447653389664816,-17.94150053869432,0.0,1.2134825457433942,13.13289419402074,0.0497624542932281,-0.9229583942805167,0.38489973035471214
4.602532720257818,-17.524026575307918,0.0,1.14660667839533,12.55658966870036,7.999759425823021,74.28419157341945,40.16675175215332,0,3.2545993897844,-16.915290214522873,4.640177907160836,-17.541027411742736,0.0,2.7051170380474905,12.256914298321549,0.0493834821980821,-0.9113725585970863,0.41158238474963976
4.783077173805791,-17.105746185542696,0.0,1.1163654988134923,12.566619007651498,8.935774459979237,74.73977338184586,39.7111699437269,0,3.4934161606616487,-16.475706091720053,4.864034849216138,-17.145296564201377,0.0,4.184450503355419,11.430321961776006,0.0488077800690278,-0.8985110123184273,0.438950977607426
4.980454701839284,-16.681893590176493,0.0,1.0849338873827985,12.577857561674024,10.109271995808824,75.20732970056189,39.24361362501088,0,3.76651489495263,-16.040830052333153,5.11756749136344,-16.7543008128718,0.0,5.644465371920393,10.65271790094224,0.0480231433264182,-0.8842725436835717,0.4669711645138121
5.195299093608927,-16.252860189659852,0.0,1.052400513589033,12.59077201169407,11.572878553909478,75.68715026226567,38.76379306330709,0,4.071374338563956,-15.611735632570102,5.3982947549800455,-16.36865575595866,0.0,7.078170537490981,9.912133073474534,0.047035678349806,-0.8686151512618492,0.4954873550337635
5.427739704940813,-15.819843330547071,0.0,1.0191008016516605,12.605871639463988,13.40743017674693,76.17860955668611,38.272333768886654,0,4.404272602514076,-15.189960212185245,5.702971688558163,-15.98923224368628,0.0,8.479131418759758,9.18846911816223,0.0458659771612675,-0.8516370677246244,0.5241319536885759
5.677390960202098,-15.38457098810077,0.0,0.9855396983408108,12.623865038545166,15.74223030523224,76.68039413332455,37.77054919224821,0,4.760606627938052,-14.777011138799704,6.027842650737628,-15.616817950440586,0.0,2.2830601640622024,11.245831545132011,0.0413171515258602,-0.8335703483613852,0.5524133183882145
5.94338330954044,-14.94907503549006,0.0,0.9523498212894952,12.645762096347797,18.79582163004521,77.19069664619985,37.26024667937291,0,5.135626154251756,-14.374302228866462,6.368951479969323,-15.25189502306376,0.0,3.4277065919826484,9.603982281225896,0.0379691829294066,-0.8147801091379219,0.579770104225111
6.224409307575853,-14.515493281812184,0.0,0.9202429212949268,12.672751389359862,22.9658723193899,77.70738683257287,36.7435564929999,0,5.524192747656148,-13.98257386896968,6.722485639736458,-14.894568216167071,0.0,4.567411552566386,8.063152574362729,0.0377479671287943,-0.795748763177337,0.6056268701946261
6.518774897797665,-14.085905274615982,0.0,0.8899861770503278,12.70590535957706,29.054022310394952,78.22815257322162,36.222790752351145,0,5.920696293909802,-13.601460297213634,7.0851331326930005,-14.544656683748372,0.0,5.696658244545303,6.5744178755864064,0.0373495667905501,-0.7770630471218186,0.6294227679372222
6.824454493393544,-13.662205669897228,0.0,0.8623591014003611,12.74586195130362,38.94058061051856,78.7506096242818,35.70033370129097,0,6.320903574329724,-13.2307557032493,7.4540747191070755,-14.201673705999704,0.0,6.810040876453027,5.08465407422833,0.0367794821435172,-0.7593796187802584,0.6506478268473271
7.139144556403813,-13.246020922014653,0.0,0.8382148649013574,12.792319940647,58.28430332359613,79.27237545310493,35.17856787246784,0,6.720973709123865,-12.86984396180818,7.826872437447474,-13.864685244080736,0.0,7.902479097268723,3.5360774918956897,0.0360496817748883,-0.743450422806718,0.6687910502006678
7.460058476758523,-12.838204142094126,0.0,0.8176829272456303,12.751441736224098,106.23534862122628,79.79131694331569,34.65962638225707,0,7.117908904473093,-12.517463269920874,8.20101732089472,-13.53280032213691,0.0,8.969494529830355,2.026233039010008,0.0351805414954813,-0.7295631122729571,0.6839134924905317
7.784899817368986,-12.43867667944676,0.0,0.8011664257310569,12.694861474470706,507.3530341557177,80.30623838390547,34.1447049416673,0,7.509533481525244,-12.171860331030464,8.575021906331667,-13.204265871510223,0.0,9.482528227554472,0.4432740624335268,0.0342618305014637,-0.7181682593490331,0.6958694929823983
8.11186044144006,-12.046913846930066,0.0,0.7895018435722686,12.622154123111438,176.98688210713303,80.81651415898641,33.63442916658636,0,7.894233918215323,-11.83106617315924,8.948343846221594,-12.876559950698145,0.0,-10.788833017427327,1.3079820042823571,0.0334854946237804,-0.7100025592234183,0.7041990953531512
8.439055134107887,-11.662139978191496,0.0,0.783403198323438,12.532856821392262,74.28508322026074,81.32159563456638,33.12934769100639,0,8.270682254576935,-11.493093958849006,9.320492059486485,-12.547100810077538,0.0,-9.772214320966622,2.9701044039042697,0.0334802058660324,-0.7056947216885929,0.7085160264813064
8.764598934519872,-11.283357146628994,0.0,0.783683725225275,12.42632780186348,46.57349025932114,81.8210505369081,32.62989278866466,0,8.637657714504297,-11.155979912921255,9.691113725510707,-12.21305430135318,0.0,-10.06555838344143,4.515374734187904,0.0341232308531493,-0.7058934517243529,0.7083180322515293
9.086601481604944,-10.909364189818216,0.0,0.7911262399548429,12.301943712835731,33.694793269588054,82.31456484477906,32.13637848079371,0,8.993991547229035,-10.81780917789159,10.059745023999014,-11.871422625888073,0.0,-9.009090924522464,5.943481107411763,0.0347852570707152,-0.7111455204547102,0.703044841199478
9.40320018208069,-10.53880158588993,0.0,0.8063425270742492,12.16258498719782,26.271099161689012,82.80195727452437,31.6489860510484,0,9.338533780531089,-10.476788787598938,10.425529694298838,-11.519179530370003,0.0,-7.9335008984787745,7.282858925780324,0.0354438875625962,-0.7217605137131672,0.692142876033919
9.712458619685748,-10.170077071932782,0.0,0.8295226272322763,12.0089722629592,21.46363649496069,83.28320414300546,31.167739182567303,0,9.670086909984258,-10.131288827620171,10.786828231842549,-11.153584966516645,0.0,-6.840223206480559,8.549152633168198,0.036061773155278,-0.7376091197310892,0.6752279515019559
10.012481603551922,-9.80152198340326,0.0,0.8599643087503135,11.843156367352526,18.121097843509038,83.75843739534474,30.692505930228023,0,9.987353510385171,-9.779887288080156,11.140663912654109,-10.772860332252671,0.0,-7.024987524949075,9.69444877068678,0.0366901041863361,-0.7578192761040061,0.6524645160966227
10.30149476456298,-9.43149090427974,0.0,0.8961117253282684,11.679214667209036,15.68945953711498,84.22796013894181,30.222983186630955,0,10.288911896749829,-9.421425772619267,11.482833910580746,-10.376453071645154,0.0,-5.893378100893138,10.75809898621508,0.0373432901666898,-0.7809040039954894,0.624651051823186
10.577958747962612,-9.058462204772772,0.0,0.9361998424037004,11.533646405460214,13.870344584346572,84.69226902833879,29.75867429723398,0,10.57338571204097,-9.055095634204202,11.808767531742186,-9.964557126827987,0.0,-4.74435157300126,11.75347019264612,0.0379681884150239,-0.8053109873099644,0.5928526070768774
10.840883701334644,-8.681228418939925,0.0,0.9786562649659604,11.411692604921583,12.489928520863966,85.152089493607,29.29885383196577,0,10.84006914752537,-8.680680501533207,12.11435175399186,-9.53783887856025,0.0,-3.579283017032823,12.681180894325102,0.0385554250466915,-0.829748130223566,0.5581380119562689
11.08988335404882,-8.298820501013392,0.0,1.0223204794977538,11.31045171081154,11.441170497883588,85.60841902666911,28.84252429890365,0,11.089709353575346,-8.298714184968292,12.397577043518636,-9.09783454099019,0.0,-2.3994726210902657,13.537373928882532,0.0391070882162174,-0.8533201866790714,0.5213872447672601
11.32515798081479,-7.910197170293929,0.0,1.0662201993004918,11.224633169158404,10.65566466873755,86.06271215140175,28.38823117417101,0,11.32362505861222,-7.909350599782929,12.659210145477443,-8.646939857456507,0.0,-1.2060682360063455,14.314051175404726,0.0396275970432824,-0.875379468471637,0.4834364344754275
11.547113923298836,-7.514320945957286,0.0,1.1103301116210165,11.148648045627116,10.08885254886335,86.516565018969,27.93437830660376,0,11.541930306962726,-7.511749719026423,12.901471742781164,-8.186122459356248,0.0,-1.4845104230471446,14.972701398484489,0.0401415935928839,-0.8958454248076853,0.4443658119738037
11.75728335290049,-7.108620735459102,0.0,1.1520744958014504,11.077157068918154,10.293909673621306,86.97347184747713,27.47747147809564,0,11.747839796983175,-7.104417972032638,13.125756488176023,-7.717646497937016,0.0,-0.2654339490317369,14.648685135942856,0.0406537290997076,-0.9136093810796871,0.4065930383112713
11.95803892595131,-6.6896645315649685,0.0,1.1916611097106906,11.004795131142782,11.282770509636332,87.43804380196033,27.012899523612436,0,11.943704726106976,-6.683953638342812,13.33569680524016,-7.238537655336329,0.0,0.9681364605951768,13.451476839158143,0.0410525784977499,-0.9289850539709301,0.3701172375053993
12.149564189461293,-6.257167690388489,0.0,1.2318219490274414,10.927405032692064,12.291668119516975,87.91105061395166,26.539892711621107,0,12.129731524888488,-6.250175023311516,13.534407821681066,-6.745440480877437,0.0,2.209047102143788,12.530544739512523,0.0412114170463624,-0.9430962014021214,0.3325200067678474
12.33050977514412,-5.812710948905463,0.0,1.271436643356331,10.84281968568914,13.293465509583587,88.39092882769741,26.06001449787536,0,12.305185159910716,-5.804894891330275,13.721887516560091,-6.242138540816431,0.0,3.4493500133488104,11.852513436218665,0.0411085850381303,-0.9555255197487345,0.29490842834498776
12.500045981286412,-5.358012497138624,0.0,1.3101831347734332,10.749779014699932,14.25687271738404,88.87620525122557,25.574738074347195,0,12.46856427324228,-5.349617010802815,13.897929224937812,-5.730797533282704,0.0,4.680893529183485,11.389947119782104,0.0407419523436498,-0.9662321567176355,0.2576730861475189
12.657515240575886,-4.89516567179321,0.0,1.3474702714167164,10.647850836010074,15.146836813766402,89.36510580486967,25.08583752070309,0,12.617606836894984,-4.8861018982051885,14.060254753947172,-5.213748029880878,0.0,5.895719688999667,11.12243022517111,0.040121817869286,-0.9751662088591307,0.22147429895884146
12.799611866538887,-4.425755027433624,0.0,1.3841988106659695,10.556817605895878,15.92529319928524,89.85555234033318,24.59539098523959,0,12.749947817922402,-4.416378762972181,14.206584890428491,-4.691382811104353,0.0,-8.80063847471293,10.476274472309376,0.0397858453630088,-0.9826411389462633,0.1855165546531914
12.922238769978136,-3.951757989860393,0.0,1.421770226539966,10.46897308211115,16.5523669346495,90.34515478015072,24.105788545422044,0,12.863365227878244,-3.942918762234224,14.3340921633606,-4.163732555578125,0.0,-7.576568515084308,9.534329013263646,0.040235279690087,-0.9889161467570438,0.14847509785550303
13.02305096091002,-3.4756681207684403,0.0,1.4601451582373923,10.383719938184996,16.988107450073283,90.8318011212368,23.61914220433596,0,12.955997055864488,-3.468218097736321,14.439625030450106,-3.633056559781027,0.0,-7.778773001316304,8.780956887477837,0.0410246839975724,-0.9938844030550786,0.1104255104758402
13.100073463753512,-3.002060419688726,0.0,1.5027226663783109,10.3012859081945,14.760042534233795,91.311631008245,23.13931231732778,0,13.02612671073893,-2.997018803472592,14.521895130145284,-3.0989988095099306,0.0,-6.511642881500712,9.577147653000988,0.0416696566470208,-0.9976838829976864,0.0680210967763583
13.151676646814456,-2.5347395331203435,0.0,1.5470888483557867,10.222176154274862,12.49397194152604,91.78179236302128,22.669150962551484,0,13.07310700344623,-2.53287649594453,14.578218637482996,-2.568565584093093,0.0,-5.230073156624703,10.797003328531972,0.0422193231804481,-0.9997189908950354,0.02370525772507276
13.178183429672371,-2.074543542513935,0.0,1.5921065660620903,10.145834383553732,10.842186609414949,92.24275110228945,22.20819222328332,0,13.097467236589065,-2.0762638843266314,14.607607310071788,-2.0440775656683257,0.0,-5.340209863528877,11.962977465690736,0.042708936108925,-0.999772945444003,-0.021308626380473546
13.18038361449099,-1.621449565927842,0.0,1.6380833983980063,10.071088539160398,9.629637532588362,92.6958504207968,21.755092904775964,0,13.100291508136854,-1.626846877214894,14.61043925724499,-1.52507982597394,0.0,-4.028965862214605,12.928435098125114,0.043260286892549,-0.9977370789815251,-0.06723630883246028
13.158931252054382,-1.1750331361445194,0.0,1.6849544371771668,9.99659065618221,8.750402083051155,93.14278199568786,21.30816132988491,0,13.082646739309409,-1.183779660138755,14.587587514122808,-1.0112282453999983,0.0,-2.7015083509541733,13.780037612199326,0.0438951103584165,-0.9934910363002043,-0.11391031907226881
13.114281722851905,-0.7342039975838202,0.0,1.7328826114632507,9.920928827466248,8.138515143804293,93.58586653599836,20.8650767895744,0,13.043266390493748,-0.7458164817752231,14.53947206177005,-0.5011557285571777,0.0,-1.358473303376916,14.49329234647626,0.0445213126676398,-0.9868927519909786,-0.16137749554281966
13.046472950706844,-0.2970669098493387,0.0,1.781839938432738,9.842809094694548,7.775015968381144,94.02823161492393,20.42271171064885,0,12.9819692225433,-0.3108857828504691,14.465857527286271,0.0070131140795912,0.0,0.0,15.0,0.0451542041213451,-0.9778128309871015,-0.2094804705861387
12.955027352164066,0.1402570793536079,0.0,1.8298373251299247,9.76109889781314,8.196866944413157,94.4750140776787,19.975929247894072,0,12.899232023523616,0.1254715998372761,14.366044851347205,0.5141695705908277,0.0,1.3724568232461365,14.393471759023912,0.0456163358843116,-0.9666360743872601,-0.25615366421971686
12.839439684658904,0.5788668836388964,0.0,1.8810705636904843,9.674450835674456,8.57097728048187,94.92859876579598,19.522344559776784,0,12.793383843096567,0.5641000033998422,14.237164248505168,1.0270191818345151,0.0,2.750919308184424,14.085592735548078,0.0456844610715084,-0.9522498757427921,-0.30531978997083864
12.698844305511606,1.0163018695765558,0.0,1.9352401261918584,9.582676909741462,8.880688443481084,95.38807284293183,19.06287048264092,0,12.6631236442218,1.0026749810219675,14.07779424845504,1.542350282914489,0.0,4.125562477671753,14.062138261117177,0.0454339043186439,-0.9343221520774344,-0.35642967909167095
12.532777212886003,1.449900691835764,0.0,1.9921902649650765,9.485515571620189,9.11210182932431,95.85238547243668,18.59855785313609,0,12.507338659612223,1.4384979743994295,13.886731381845989,2.0568045768261243,0.0,4.054750566745,14.391486351122252,0.0448202125864548,-0.912519660541761,-0.4090328460218681
12.341183992408135,1.8768024757288888,0.0,2.051606972654972,9.382491916782666,9.255080088593898,96.3203097133392,18.130633612233552,0,12.32520946766492,1.868469498455843,13.66321293886483,2.5664278224721837,0.0,2.6365005747010075,14.828083522100677,0.0440120709271966,-0.8866202920004799,-0.46249806249646486
12.124439093632782,2.2941009035735096,0.0,2.113140247304872,9.272785959436936,9.303993838933684,96.79053979428548,17.660403531287287,0,12.116292769043644,2.2891917634926053,13.406943458131602,3.066963991798886,0.0,0.3374367482718126,14.871098369102398,0.0435841756080868,-0.8565012324625739,-0.5161449784605987
11.883329130826796,2.698933903419624,0.0,2.176421653398608,9.155331891146076,9.25811821453857,97.2617337797402,17.189209545832554,0,11.880617557426207,2.6970563367223552,13.117850511872406,3.5537498680459483,0.0,0.4215237704645413,14.99145780076309,0.0435379656406297,-0.8221462747852177,-0.5692762974661683
11.619015174441758,3.0885662413098847,0.0,2.241104251822574,9.029164561110065,9.12163091829457,97.73255776624656,16.718385559326194,0,11.618772678204714,3.0883740010850955,12.7940768455344,4.02010283961956,0.0,-7.86548255907999,13.321624620706626,0.0449487289291141,-0.783630411596494,-0.6212273159006365
11.332964556403407,3.460441066482429,0.0,2.3068869230241345,8.894421387231823,8.90321927646323,98.20172281362036,16.249220511952416,0,11.33197339809602,3.459543130384915,12.440181110893088,4.463519691354861,0.0,-6.424506795037472,12.744409450720198,0.0472096693522879,-0.7410989725572347,-0.6713957945017315
11.026628081373875,3.81198995948323,0.0,2.373157579267333,8.806955522198983,8.615357022382357,98.66801527560489,15.78292804996788,0,11.022080881103102,3.807285812735053,12.058840761602928,4.879829428609443,0.0,-4.94482175690641,12.409627062338744,0.0485893746424421,-0.6950109098300948,-0.7189991899975575
10.701613488436076,4.140768559086149,0.0,2.4393284871357066,8.733564812755043,8.273351860030177,99.1303245370083,15.32061878856446,0,10.691663698915674,4.129009889453041,11.653916973488888,5.266201619575805,0.0,-3.436022678522238,12.315769000650215,0.0496885717166986,-0.6459477645071172,-0.7633816119924935
10.359855754515694,4.444720936787979,0.0,2.5051815668559594,8.675719397959604,7.894285803430586,99.5876924377239,14.863250887848864,0,10.344244844831689,4.423596001975891,11.229429561210676,5.6214422395528425,0.0,-1.90946556645443,12.467689870362474,0.0504445751261634,-0.5943129494122059,-0.8042338703144533
10.003458392481702,4.722178118656265,0.0,2.570545367309144,8.634038277330703,7.495970574169056,100.03935776452582,14.411585561046948,0,9.981759140616044,4.688402183012425,10.789058272585322,5.945002350406258,0.0,-0.3775444723849409,12.87461836808628,0.0508131066847421,-0.5405134639772474,-0.841335364322288
9.634538877171536,4.971997150912188,0.0,2.6351196911980788,8.607836431634562,7.096023416143609,100.48490367422984,13.96603965134294,0,9.60904546473837,4.926041316174817,10.336131221393872,6.236726300398364,0.0,1.1473068001249795,13.54722952551947,0.0507787314892358,-0.48509601410621556,-0.8744608951223961
9.25536591143856,5.1936087744730095,0.0,2.69906293510469,8.586246169783351,6.711140880133841,100.92408911301396,13.526854212558815,0,9.228781352733211,5.1375083669709465,9.87303940670768,6.497062225473648,0.0,2.6537089669726157,14.493483912462487,0.0503609260742888,-0.42822686673784116,-0.9036712624643384
8.866318170239829,5.388273135289049,0.0,2.759328457243209,8.563754254677164,6.7315445637163,101.35912055820354,13.091822767369225,0,8.840810738081004,5.3248282044794255,9.403931416425651,6.725484775967443,0.0,0.0,15.000000000000002,0.0494818749632591,-0.37302219591419455,-0.9278224190842514
8.466282481706035,5.557985856173983,0.0,2.8182578884649305,8.539885688134646,6.876807743970461,101.7936674023192,12.657275923253565,0,8.443423485231957,5.489769288774462,8.924484659216875,6.925367830278397,0.0,2.557907372962938,14.841780342741655,0.0487332997415161,-0.3177302828245777,-0.9481811363743817
8.055209636927128,5.702590227613408,0.0,2.877012097664871,8.514937345827008,7.04602585860914,102.22943260050972,12.221510725063055,0,8.036248366868168,5.632604950305001,8.433102830347876,7.097378649078591,0.0,1.4486094877206728,14.841412103315802,0.0482489707088868,-0.2615044427907127,-0.9652022722728738
7.63359803475104,5.8209035511267295,0.0,2.9358749462836435,8.489013398160267,7.231194856220325,102.66733028902868,11.783613036544082,0,7.619415941303143,5.752939223170252,7.9298325309485245,7.240537297410247,0.0,1.4317393318569402,14.810182698343214,0.0476930671624709,-0.20426978663710404,-0.9789146307350973
7.202315509717093,5.911440842612153,0.0,2.995449280400365,8.463276985956005,7.42424898771504,103.1080134150378,11.342929910534965,0,7.193089016436848,5.848757785332234,7.414484807715207,7.352879085234893,0.0,1.4157516780609445,14.797400302326489,0.047190607750649,-0.14562370953994483,-0.9893400503466064
6.762766987403529,5.972614977707574,0.0,3.056229151012714,8.441465966587224,7.617247420121961,103.55179847367847,10.899144851894278,0,6.757999818425525,5.916905173552491,6.887776691175153,7.433495879292617,0.0,2.8263396088510238,14.78820270597474,0.0467252379486488,-0.0852598673999561,-0.9963587481479459
6.316841271481757,6.003381933313456,0.0,3.118414114680037,8.431723029815034,7.802617639905896,103.99878432320574,10.452159002367026,0,6.315818508092373,5.959264388685079,6.35107939037478,7.480264811527239,0.0,1.387905344851198,14.819565513023566,0.046288877704512,-0.023176463541106897,-0.9997313896931154
5.86667732500237,6.004121550517398,0.0,-3.1018343420675207,8.445570186878417,7.973435589436729,104.44894887727848,10.001994448294283,0,5.867864772525302,5.974270640450942,5.8075334089453206,7.490923859764745,0.0,2.7729193586269782,14.847377114930984,0.0458955458872188,0.03974783786830632,-0.9992097424388909
5.414237993026566,5.976394325442834,0.0,-3.039547578811304,8.48271964539472,8.123716731778822,104.90223702860062,9.548706296972142,0,5.415891225709287,5.960249595094546,5.261941973150705,7.463649083784785,0.0,2.2806706937630943,14.806553389324868,0.0456351491337545,0.10186806438320574,-0.9947979179003237
4.961106741722388,5.9220208562597545,0.0,-2.979461994202426,8.54041784770941,8.24868933413961,105.35861889180237,9.0923244337704,0,4.962167427638497,5.91553611279153,4.71967502658694,7.398068302516324,0.0,1.600829886037897,14.859080965940391,0.0454354385277838,0.16142128847248563,-0.9868855899383082
4.509150795578396,5.839826331929347,0.0,-2.920785814008993,8.562567839503233,8.345021956075376,105.8179881518588,8.632955173713952,0,4.509421538552083,5.838620171280712,4.182478791987304,7.295150953598125,0.0,0.987461662445619,14.80655338932487,0.0453277692701537,0.21901694465170116,-0.9757210554023285
4.060593529428912,5.728609352609071,0.0,-2.862370250455188,8.596397531397757,8.410981616943504,106.28012756535288,8.170815760219895,0,4.060620118838914,5.7285166137193215,3.6513482806976896,7.155980249696357,0.0,0.3209717679380304,14.900363621501198,0.0452713376139408,0.2756082513929555,-0.9612700410207932
3.61726478981166,5.58929719461282,0.0,-2.804588963460802,8.64896683928101,8.446506896935306,106.74482988806731,7.706113437505451,0,3.618651728976746,5.585338686943201,3.129284342380581,6.982057881182983,0.0,0.3528628113022272,14.97928846498616,0.0451979809249472,0.33066081425607646,-0.943749662736633
3.1806408277750684,5.42324182906739,0.0,-2.747981235986176,8.719559596464716,8.453190147497143,107.21196463163812,7.238978693934655,0,3.1859915150767173,5.410357387780822,2.619239785711128,6.7750940971802,0.0,-0.2667399933831836,14.998542719503364,0.045261622610764,0.38352616145289664,-0.9235300122254861
2.7518137034858032,5.231879049079541,0.0,-2.693121698982032,8.807359796159876,8.434173476581822,107.68155212730944,6.769391198263321,0,2.7647989619375197,5.204892242494133,2.123882238909196,6.536886958350968,0.0,-0.2777369884260821,14.998665873968942,0.0454615332330472,0.4335882016847014,-0.9011111315258661
2.331821301546286,5.016780821202731,0.0,-2.6402516276223764,8.910958802388757,8.33174629720632,108.1534216700039,6.297521655568872,0,2.3576937949383,4.969572120182975,1.645457304621836,6.2691669840118,0.0,-5.955166789135589,14.15155513294114,0.0464760285050772,0.48060196816796663,-0.8769388508858966
1.9232631786643908,4.779200666293216,0.0,-2.588803241589494,9.005430802658598,8.094275688987908,108.62603575123678,5.824907574335981,0,1.9684742047724104,4.705919128364708,1.1874299898332397,5.971896173967911,0.0,-6.13938355082359,13.696458478414929,0.0481060701055885,0.5250632345130669,-0.8510632172539688
1.5289004439873144,4.520721821053932,0.0,-2.538234166395336,9.111925021985908,7.746030730948316,109.09755805181038,5.353385273762385,0,1.599769368309932,4.417875896370012,0.7513010452101632,5.649184401307582,0.0,-6.328793871804826,13.4243687223093,0.0495538616996088,0.5674111628565758,-0.8234346193024364
1.1505386854722977,4.24345874172016,0.0,-2.488379579541054,9.22972549252713,7.316388135357022,109.56663420284367,4.884309122729079,0,1.2543044881035268,4.1078679984243,0.3393797633795914,5.303399862866762,0.0,-4.7757647914434616,13.32829333402652,0.0509362378771758,0.6077411536060062,-0.7941351838406613
0.78916447493387,3.949431693601497,0.0,-2.4390597085638044,9.358594245954766,6.837404965042816,110.03251318398326,4.418430141589511,0,0.9339525225229914,3.7784142954092217,-0.0465384101051541,4.9365279038269785,0.0,-3.1934863641993485,13.552730161875305,0.0520700558835161,0.646152921791881,-0.7632079675028395
0.4445804421287797,3.6401356706619534,0.0,-2.390838442790375,9.49857160656508,6.341064363477172,110.49554902003749,3.955394305535279,0,0.6387118267778003,3.4320648341560926,-0.4048145167135026,4.550520768515715,0.0,-1.5965809703513474,14.10647143425089,0.052760222888819,0.6821904137481165,-0.7311745615037313
0.1162803066058595,3.3162600841911405,0.0,-2.342155548883614,9.6335907512617,5.857145149159166,110.95671750822396,3.49422581734882,0,0.3679460286030967,3.071563225177999,-0.7358428757258408,4.144787165885417,0.0,-1.8776250282778224,14.952128533351884,0.0530224567759679,0.7169638043448334,-0.6971103953172578
-0.1985834208526307,2.975130233431093,0.0,-2.299511727339735,9.763561784092817,6.032764434834753,111.42094669940931,3.0299966261634523,0,0.1169471518365376,2.693485505477786,-1.0364014272986295,3.7229722649933294,0.0,-0.2922696229706831,14.46894057213746,0.0528888606770779,0.7460304476373153,-0.6659118344030739
-0.5071016319766877,2.6119660592693075,0.0,-2.2627388865308182,9.891491693808405,7.18052136950849,111.89746711239265,2.553476213180133,0,-0.1192493481507656,2.2905888854169505,-1.3109242855024663,3.278019253852489,0.0,1.2890652459919616,12.332998621990791,0.0525208652303041,0.7700080491114344,-0.6380341717365949
-0.8122181711785195,2.2250484534841606,0.0,-2.223994894613582,10.019527308137777,8.995722432425191,112.39021586800853,2.0607274575642407,0,-0.3396441863455642,1.863404702799676,-1.5647515535057013,2.8009349889994235,0.0,2.8612647090975862,10.158111716394366,0.0519956414170711,0.7941439997900931,-0.6077296336343923
-1.110840751150335,1.815652264019284,0.0,-2.184569959537224,10.147600446665525,12.025053942332011,112.89695118868134,1.5539921368914236,0,-0.5423741028306084,1.415138661530239,-1.7961964359204858,2.2985201246140785,0.0,4.415884259416128,7.962918398411591,0.0512148166008663,0.8174803955602096,-0.5759564244582426
-1.3992847736746108,1.3874345717027212,0.0,-2.144485543446653,10.27540347100688,17.85217581264435,113.41325569780643,1.0376876277663314,0,-0.7253445156087863,0.951943940537942,-2.0051738736916715,1.7789515102212077,0.0,5.942521792532066,5.695260841159103,0.0501250133339686,0.8399044308740702,-0.542734324507032
-1.6736555573606176,0.9456870162670564,0.0,-2.104708842154707,10.402097635499096,33.55292015913066,113.93327514905212,0.5176681765206439,0,-0.8878947162745366,0.4811571565846669,-2.1924190886884856,1.2523721268192505,0.0,7.430520483798591,3.2517367493122764,0.0487251863947764,0.860822564778174,-0.5089052092175188
