9,589,117.965084648356,20.89005246700546,-156.4810620622524,14.73874797523068
-2.40453736278154,0.547195487812817,0,-1.81584697287172,15.0,348.579113056644,117.965084648356,117.965084648356,0,0,0,0,0,0,0.9701250392021681,-0.24260545812695924
-2.43798221700638,0.413566604541887,0,-1.81622873667098,15.0,373.279245219413,0.13775063237008,117.827334015986,0,0,0,0,0,0,0.9700323505282459,-0.24297579905959008
-2.47214235970302,0.27729543956924,0,-1.81659268407725,15.0,398.944724870746,0.278238161183342,117.686846487173,0,0,0,0,0,0,0.9699438558742106,-0.24332882371775966
-2.50700856996533,0.138417005131772,0,-1.81694009397561,15.0,425.574803241857,0.421426401517028,117.543658246839,0,0,0,0,0,0,0.9698592625009698,-0.24366577712324525
-2.54257162688717,-0.0030336865336226,0,-1.81727212698684,15.0,453.167270330276,0.56727916696988,117.397805481386,0,0,0,0,0,0,0.9697783039592313,-0.2439877889771469
-2.57882230956241,-0.147021623190049,0,-1.81758983886032,15.0,481.71843958189,0.715760269797803,117.249324378558,0,0,0,0,0,0,0.969700737197878,-0.24429588673960922
-2.61575139708493,-0.293511792600614,0,-1.81789419208835,15.0,511.223133473087,0.866833521034352,117.098251127322,0,0,0,0,0,0,0.9696263400451827,-0.2445910069699698
-2.65334966854859,-0.442469182528421,0,-1.81818606601143,15.0,541.674670292082,1.02046273059803,116.944621917758,0,0,0,0,0,0,0.9695549090080207,-0.24487400519134098
-2.69160790304725,-0.593858780736577,0,-1.81846626563846,15.0,573.064851062692,1.17661170738809,116.788472940968,0,0,0,0,0,0,0.9694862573432291,-0.24514566449892214
-2.7305168796748,-0.747645574988187,0,-1.81873552936856,15.0,605.383948482155,1.3352442593703,116.629840388986,0,0,0,0,0,0,0.9694202133626763,-0.245406703094808
-2.77006737752509,-0.903794553046355,0,-1.81899453577095,15.0,638.620696059319,1.49632419365392,116.468760454702,0,0,0,0,0,0,0.96935661893965,-0.24565778090239743
-2.81025017569201,-1.06227070267419,0,-1.81924390955416,15.0,672.762278966576,1.65981531656091,116.305269331795,0,0,0,0,0,0,0.9692953281892589,-0.24589950538884148
-2.8510560532694,-1.22303901163479,0,-1.81948422683566,15.0,707.794326218432,1.82568143368829,116.139403214668,0,0,0,0,0,0,0.9692362062996069,-0.24613243670419768
-2.89247578935115,-1.38606446769127,0,-1.81971601980559,15.0,743.700903576458,1.99388634996455,115.971198298392,0,0,0,0,0,0,0.969179128494066,-0.24635709222890842
-2.93450016303113,-1.55131205860673,0,-1.81993978086448,15.0,780.46450897082,2.16439386970065,115.800690778656,0,0,0,0,0,0,0.9691239791077834,-0.2465739506077166
-2.9771199534032,-1.71874677214428,0,-1.82015596630291,15.0,818.066068436163,2.33716779663628,115.62791685172,0,0,0,0,0,0,0.9690706507640222,-0.2467834553364435
-3.02032593956123,-1.88833359606701,0,-1.82036499958121,15.0,856.484934243347,2.51217193398192,115.452912714374,0,0,0,0,0,0,0.9690190436379708,-0.24698601795841102
-3.06410890059909,-2.06003751813805,0,-1.82056727425907,15.0,895.69888522236,2.68937008445708,115.275714563899,0,0,0,0,0,0,0.968969064797364,-0.2471820209192445
-3.10845961561065,-2.23382352612049,0,-1.82076315661793,15.0,935.684127527498,2.86872605032526,115.096358598031,0,0,0,0,0,0,0.9689206276107258,-0.24737182012193118
-3.15336886368977,-2.40965660777743,0,-1.82095298801315,15.0,976.415299264325,3.05020363342579,114.91488101493,0,0,0,0,0,0,0.9688736512152643,-0.24755574721828297
-3.19882742393034,-2.58750175087199,0,-1.82113708698787,15.0,1017.8654756959,3.23376663520303,114.731318013153,0,0,0,0,0,0,0.9688280600375304,-0.24773411166796408
-3.24482607542621,-2.76732394316727,0,-1.82131575117637,15.0,1060.00617723496,3.41937885673307,114.545705791623,0,0,0,0,0,0,0.968783783360813,-0.2479072025922389
-3.29135559727125,-2.94908817242637,0,-1.821489259021,15.0,1102.80737953208,3.60700409874833,114.358080549608,0,0,0,0,0,0,0.9687407549340344,-0.2480752904459391
-3.33840676855934,-3.1327594264124,0,-1.82165787132363,15.0,1146.23752682559,3.79660616166006,114.168478486696,0,0,0,0,0,0,0.9686989126175826,-0.24823862852810247
-3.38597036838435,-3.31830269288847,0,-1.82182183265011,15.0,1190.26354569632,3.98814884557913,113.976935802777,0,0,0,0,0,0,0.968658198062028,-0.24839745434932461
-3.43403717584013,-3.50568295961767,0,-1.82198137260359,15.0,1234.85086375953,4.18159595033518,113.783488698021,0,0,0,0,0,0,0.9686185564162578,-0.24855199087129604
-3.48259797002056,-3.69486521436312,0,-1.82213670698094,15.0,1279.96343009423,4.37691127549429,113.588173372862,0,0,0,0,0,0,0.9685799360618854,-0.24870244763241472
-3.53164353001952,-3.88581444488793,0,-1.82228803882467,15.0,1325.56373743496,4.57405862037528,113.391026027981,0,0,0,0,0,0,0.9685422883712058,-0.24884902177157142
-3.58116463493086,-4.07849563895518,0,-1.82243555938103,15.0,1371.61284924332,4.77300178406488,113.192082864291,0,0,0,0,0,0,0.9685055674863366,-0.24899189896052648
-3.63115206384846,-4.27287378432801,0,-1.8225794489743,15.0,1418.07042784017,4.97370456543168,112.991380082925,0,0,0,0,0,0,0.9684697301173175,-0.24913125425463997
-3.68159659586619,-4.4689138687695,0,-1.82271987780541,15.0,1464.89476768367,5.17613076313917,112.788953885217,0,0,0,0,0,0,0.9684347353573688,-0.24926725286989262
-3.73248901007791,-4.66658088004276,0,-1.82285700668267,15.0,1512.04282845976,5.3802441756578,112.584840472698,0,0,0,0,0,0,0.9684005445135696,-0.2494000508937839
-3.7838200855775,-4.8658398059109,0,-1.8229909876912,15.0,1559.47027634354,5.5860086012762,112.37907604708,0,0,0,0,0,0,0.9683671209514875,-0.24952979593653174
-3.83558060145882,-5.06665563413702,0,-1.82312196480714,15.0,1607.13152260986,5.79338783811163,112.171696810245,0,0,0,0,0,0,0.9683344299523968,-0.24965662772849992
-3.88776133681574,-5.26899335248423,0,-1.82325007446175,15.0,1654.97977172918,6.00234568411973,111.962738964236,0,0,0,0,0,0,0.9683024385819421,-0.24978067866883602
-3.94035307074213,-5.47281794871564,0,-1.8233754460603,15.0,1702.96706641211,6.21284593710362,111.752238711253,0,0,0,0,0,0,0.9682711155691454,-0.2499020743300919
-3.99334658233186,-5.67809441059435,0,-1.82349820245998,15.0,1751.04434320103,6.42485239472237,111.540232253634,0,0,0,0,0,0,0.9682404311948016,-0.2500209339229508
-4.04673265067881,-5.88478772588346,0,-1.82361846041044,15.0,1799.16148467602,6.63832885449896,111.326755793857,0,0,0,0,0,0,0.9682103571884542,-0.25013737072458
-4.10050205487683,-6.09286288234609,0,-1.82373633096064,15.0,1847.2673797726,6.85323911382773,111.111845534528,0,0,0,0,0,0,0.9681808666331104,-0.2502514924741893
-4.15464557401979,-6.30228486774533,0,-1.82385191983472,15.0,1895.30998607486,7.06954696998128,110.895537678375,0,0,0,0,0,0,0.9681519338770933,-0.2503634017384415
-4.20915398720157,-6.51301866984429,0,-1.82396532778003,15.0,1943.23639535409,7.28721622011707,110.677868428239,0,0,0,0,0,0,0.9681235344523059,-0.25047319624976794
-4.26401807351604,-6.72502927640607,0,-1.82407665088935,15.0,1990.99290339703,7.50621066128355,110.458873987073,0,0,0,0,0,0,0.9680956449984582,-0.2505809692195699
-4.31922861205706,-6.9382816751938,0,-1.82418598089994,15.0,2038.52508191,7.72649409042589,110.23859055793,0,0,0,0,0,0,0.968068243192646,-0.25068680962887535
-4.3747763819185,-7.15274085397055,0,-1.82429340547113,15.0,2085.77785630631,7.94803030439141,110.017054343965,0,0,0,0,0,0,0.9680413076838981,-0.25079080249811514
-4.43065216219423,-7.36837180049946,0,-1.82439900844242,15.0,2132.69558371672,8.17078309993475,109.794301548421,0,0,0,0,0,0,0.968014818032239,-0.2508930291379401
-4.48684673197813,-7.5851395025436,0,-1.82450287007371,15.0,2179.22213838198,8.3947162737226,109.570368374634,0,0,0,0,0,0,0.9679887546518969,-0.2509935673826516
-4.54335087036405,-7.8030089478661,0,-1.82460506726914,15.0,2225.30099392745,8.61979362233829,109.345291026018,0,0,0,0,0,0,0.9679630987583178,-0.2510924918076908
-4.60015535644587,-8.02194512423007,0,-1.82470567378584,15.0,2270.87531840694,8.8459789422861,109.11910570607,0,0,0,0,0,0,0.9679378323186879,-0.25118987393244885
-4.65725096931745,-8.2419130193986,0,-1.82480476042903,15.0,2315.88806145796,9.07323602999527,108.891848618361,0,0,0,0,0,0,0.9679129380056317,-0.25128578240980143
-4.71462848807268,-8.4628776211348,0,-1.82490239523429,15.0,2360.28205330589,9.30152868182389,108.663555966532,0,0,0,0,0,0,0.9678883991538988,-0.25138028320316425
-4.7722786918054,-8.68480391720177,0,-1.82499864363827,15.0,2404.00009971955,9.5308206940625,108.434263954294,0,0,0,0,0,0,0.9678641997197452,-0.25147343975230696
-4.83019235960951,-8.90765689536262,0,-1.82509356863867,15.0,2446.98508713996,9.76107586293757,108.204008785419,0,0,0,0,0,0,0.9678403242428181,-0.25156531312873176
-4.88836027057885,-9.13140154338046,0,-1.82518723094436,15.0,2489.18008123207,9.99225798461475,107.972826663741,0,0,0,0,0,0,0.9678167578103419,-0.25165596218146313
-4.94677320380731,-9.3560028490184,0,-1.82527968911644,15.0,2530.5284349731,10.224330855202,107.740753793154,0,0,0,0,0,0,0.9677934860234214,-0.251745443674029
-5.00542193838874,-9.58142580003952,0,-1.82537099970087,15.0,2570.97389454225,10.4572582707526,107.507826377604,0,0,0,0,0,0,0.9677704949653153,-0.25183381241324326
-5.06429725341703,-9.80763538420696,0,-1.8254612173535,15.0,2610.46070946754,10.6910040272679,107.274080621088,0,0,0,0,0,0,0.9677477711714865,-0.25192112137059924
-5.12338992798603,-10.0345965892838,0,-1.82555039495794,15.0,2648.933743619,10.9255319206999,107.039552727656,0,0,0,0,0,0,0.9677253016013273,-0.25200742179670027
-5.18269074118962,-10.2622744030332,0,-1.82563858373691,15.0,2686.33858363648,11.1608057469541,106.804278901402,0,0,0,0,0,0,0.9677030736114105,-0.25209276332935265
-5.24219047212167,-10.4906338132181,0,-1.82572583335752,15.0,2722.62165708048,11.3967893018917,106.568295346465,0,0,0,0,0,0,0.9676810749301614,-0.2521771940957535
-5.30187989987604,-10.7196398076018,0,-1.82581219203108,15.0,2757.73033921548,11.6334463813322,106.331638267024,0,0,0,0,0,0,0.9676592936338084,-0.2522607608093636
-5.36174980354661,-10.9492573739473,0,-1.82589770660772,15.0,2791.61307438621,11.8707407810554,106.094343867301,0,0,0,0,0,0,0.9676377181235494,-0.2523435088617307
-5.42179096222723,-11.1794515000178,0,-1.82598242266633,15.0,2824.21948066689,12.1086362968035,105.856448351553,0,0,0,0,0,0,0.9676163371038121,-0.2524254824097636
-5.48199415501179,-11.4101871735763,0,-1.8260663846002,15.0,2855.50047286886,12.3470967242835,105.617987924073,0,0,0,0,0,0,0.9675951395615187,-0.25250672445882555
-5.54235016099416,-11.641429382386,0,-1.82614963569857,15.0,2885.40836628276,12.5860858591689,105.378998789187,0,0,0,0,0,0,0.9675741147463082,-0.2525872769418485
-5.60284975926819,-11.8731431142099,0,-1.82623221822468,15.0,2913.8969945786,12.825567497102,105.139517151254,0,0,0,0,0,0,0.9675532521515722,-0.25266718079504535
-5.66348372892776,-12.1052933568111,0,-1.82631417349033,15.0,2940.92181598203,13.0655054336949,104.899579214661,0,0,0,0,0,0,0.9675325414963064,-0.2527464760302269
-5.72424284906673,-12.3378450979528,0,-1.82639554192749,15.0,2966.4400234449,13.3058634645325,104.659221183824,0,0,0,0,0,0,0.9675119727076462,-0.2528252018042481
-5.78511789877899,-12.5707633253981,0,-1.82647636315701,15.0,2990.4106520748,13.5466053851731,104.418479263183,0,0,0,0,0,0,0.9674915359040765,-0.2529033964856364
-5.84609965715839,-12.8040130269101,0,-1.82655667605485,15.0,3012.79467785795,13.7876949911508,104.177389657205,0,0,0,0,0,0,0.9674712213792147,-0.2529810977188031
-5.9071789032988,-13.0375591902518,0,-1.82663651881601,15.0,3033.55512435486,14.0290960779766,103.93598857038,0,0,0,0,0,0,0.967451019586123,-0.25305834248601855
-5.96834641629409,-13.2713668031864,0,-1.82671592901632,15.0,3052.65715433064,14.2707724411407,103.694312207216,0,0,0,0,0,0,0.9674309211221138,-0.2531351671673027
-6.02959297523814,-13.505400853477,0,-1.82679494367244,15.0,3070.06816892368,14.5126878761132,103.452396772243,0,0,0,0,0,0,0.9674109167139606,-0.25321160759857414
-6.09090935922481,-13.7396263288867,0,-1.82687359930013,15.0,3085.75789099673,14.754806178346,103.21027847001,0,0,0,0,0,0,0.9673909972035029,-0.2532876991281108
-6.15228634734797,-13.9740082171786,0,-1.82695193197112,15.0,3099.69845496013,14.9970911432744,102.967993505082,0,0,0,0,0,0,0.9673711535335624,-0.25336347667164844
-6.21371471870149,-14.2085115061158,0,-1.82702997736859,15.0,3111.86448573013,15.2395065663182,102.725578082038,0,0,0,0,0,0,0.9673513767341717,-0.25343897476612126
-6.27518525237923,-14.4431011834615,0,-1.82710777084172,15.0,3122.23317035006,15.4820162428834,102.483068405473,0,0,0,0,0,0,0.9673316579089977,-0.2535142276224945
-6.33668872747507,-14.6777422369786,0,-1.82718534745913,15.0,3130.78433363902,15.7245839683633,102.240500679993,0,0,0,0,0,0,0.9673119882220086,-0.25358926917751234
-6.39821592308288,-14.9123996544304,0,-1.82726274206172,15.0,3137.50049763251,15.9671735381401,101.997911110216,0,0,0,0,0,0,0.9672923588842561,-0.2536641331448563
-6.45975761829652,-15.1470384235798,0,-1.82733998931481,15.0,3142.36693748155,16.209748747586,101.75533590077,0,0,0,0,0,0,0.9672727611407992,-0.2537388530656162
-6.52130459220987,-15.3816235321902,0,-1.82741712375997,15.0,3145.37173969241,16.4522733920649,101.512811256291,0,0,0,0,0,0,0.9672531862576695,-0.2538134623584533
-6.58284762391679,-15.6161199680244,0,-1.82749417986648,15.0,3146.50583892709,16.6947112669332,101.270373381423,0,0,0,0,0,0,0.9672336255088974,-0.2538879943693952
-6.64437749251114,-15.8504927188457,0,-1.82757119208275,15.0,3145.76305892401,16.9370261675414,101.028058480815,0,0,0,0,0,0,0.967214070163512,-0.253962482421583
-6.70588497708681,-16.0847067724171,0,-1.82764819488784,15.0,3143.14014675235,17.1791818892355,100.785902759121,0,0,0,0,0,0,0.9671945114724823,-0.2540369598651079
-6.76736085673766,-16.3187271165018,0,-1.8277252228431,15.0,3138.63678815471,17.4211422273581,100.543942420998,0,0,0,0,0,0,0.9671749406555923,-0.2541114601269521
-6.82879591055756,-16.5525187388629,0,-1.82780231064431,15.0,3132.25563102841,17.6628709772495,100.302213671107,0,0,0,0,0,0,0.9671553488881556,-0.2541860167614064
-6.89018091764037,-16.7860466272634,0,-1.82787949317432,15.0,3124.00228941407,17.9043319342495,100.060752714107,0,0,0,0,0,0,0.9671357272875669,-0.2542606635009611
-6.95150665707997,-17.0192757694665,0,-1.82795680555639,15.0,3113.88534500942,18.1454888936983,99.8195957546579,0,0,0,0,0,0,0.9671160668996406,-0.2543354343078641
-7.01276390797023,-17.2521711532353,0,-1.82803428320853,15.0,3101.91634332642,18.386305650938,99.5787789974182,0,0,0,0,0,0,0.9670963586846585,-0.25441036342663864
-7.073943449405,-17.4846977663328,0,-1.82811196189877,15.0,3088.10977323088,18.6267460013137,99.3383386470425,0,0,0,0,0,0,0.9670765935031443,-0.25448548543748833
-7.13503606047818,-17.7168205965223,0,-1.82818987780183,15.0,3072.48305069827,18.8667737401751,99.0983109081812,0,0,0,0,0,0,0.9670567621012441,-0.2545608353110466
-7.19603252028361,-17.9485046315667,0,-1.82826806755717,15.0,3055.05648396457,19.1063526628775,98.8587319854787,0,0,0,0,0,0,0.9670368550957148,-0.2546364484644519
-7.25692360791517,-18.1797148592292,0,-1.82834656832874,15.0,3035.85324081327,19.3454465647836,98.6196380835726,0,0,0,0,0,0,0.967016862958441,-0.2547123608190534
-7.31770010246673,-18.410416267273,0,-1.82842541786655,15.0,3014.89929723736,19.5840192412647,98.3810654070915,0,0,0,0,0,0,0.9669967760004442,-0.2547886088598679
-7.37835278303216,-18.640573843461,0,-1.82850465457037,15.0,2992.22339188314,19.8220344877018,98.1430501606544,0,0,0,0,0,0,0.9669765843553054,-0.2548652296970832
-7.43887242870533,-18.8701525755564,0,-1.82858431755577,15.0,2967.85696019743,20.0594560994876,97.9056285488686,0,0,0,0,0,0,0.9669562779619454,-0.25494226112981144
-7.4992498185801,-19.0991174513224,0,-1.82866444672272,15.0,2941.83407304132,20.2962478720276,97.6688367763287,0,0,0,0,0,0,0.9669358465467025,-0.255019741712307
-7.55947573175035,-19.327433458522,0,-1.82874508282701,15.0,2914.19135953949,20.5323736007417,97.4327110476146,0,0,0,0,0,0,0.96691527960464,-0.2550977108228941
-7.61954094730994,-19.5550655849183,0,-1.8288262675548,15.0,2884.96792842654,20.7677970810658,97.1972875672904,0,0,0,0,0,0,0.9668945663799997,-0.2551762087359091
-7.67943624435275,-19.7819788182745,0,-1.82890804360069,15.0,2854.20528308514,21.0024821084535,96.9626025399027,0,0,0,0,0,0,0.9668736958456999,-0.25525527669702935
-7.73915240197263,-20.0081381463536,0,-1.82899045474939,15.0,2821.94722694331,21.2363924783777,96.7286921699785,0,0,0,0,0,0,0.9668526566818508,-0.2553349570020662
-7.79868019926347,-20.2335085569187,0,-1.8290735459616,15.0,2788.2397690528,21.4694919863322,96.495592662024,0,0,0,0,0,0,0.9668314372531307,-0.2554152930798106
-7.85801041531913,-20.458055037733,0,-1.82915736346435,15.0,2753.13101730202,21.7017444278334,96.2633402205228,0,0,0,0,0,0,0.9668100255849496,-0.2554963295791725
-7.91713382923348,-20.6817425765596,0,-1.82924195484617,15.0,2716.67107437963,21.9331135984227,96.0319710499335,0,0,0,0,0,0,0.9667884093383041,-0.2555781124609688
-7.97604122010038,-20.9045361611615,0,-1.82932736915766,15.0,2678.91192241097,22.1635632936677,95.8015213546885,0,0,0,0,0,0,0.96676657578317,-0.25566068909490997
-8.03472336701371,-21.1264007793019,0,-1.82941365701776,15.0,2639.90730822074,22.3930573091647,95.5720273391915,0,0,0,0,0,0,0.9667445117703476,-0.25574410836207406
-8.09317104906734,-21.3473014187438,0,-1.82950087072642,15.0,2599.71262437698,22.6215594405406,95.3435252078156,0,0,0,0,0,0,0.9667222037015766,-0.25582842076354106
-8.15137504535513,-21.5672030672505,0,-1.82958906438404,15.0,2558.38478110014,22.8490334834549,95.1160511649013,0,0,0,0,0,0,0.9666996374978143,-0.2559136785355452
-8.20932613497095,-21.7860707125849,0,-1.82967829401852,15.0,2515.98208493101,23.0754432336025,94.8896414147537,0,0,0,0,0,0,0.9666767985654542,-0.2559999357719534
-8.26701509700867,-22.0038693425102,0,-1.8297686177203,15.0,2472.56411052636,23.3007524867155,94.6643321616407,0,0,0,0,0,0,0.9666536717603772,-0.25608724855443493
-8.32443271056217,-22.2205639447895,0,-1.82986009578638,15.0,2428.19156302297,23.524925038566,94.4401596097902,0,0,0,0,0,0,0.9666302413495711,-0.2561756750912739
-8.38156975472531,-22.4361195071859,0,-1.82995279087393,15.0,2382.92615499615,23.7479246849687,94.2171599633875,0,0,0,0,0,0,0.9666064909701475,-0.25626527586541664
-8.43841700859195,-22.6505010174625,0,-1.83004676816453,15.0,2336.83046683697,23.9697152217836,93.9953694265726,0,0,0,0,0,0,0.966582403585478,-0.2563561137927478
-8.49496525125597,-22.8636734633824,0,-1.83014209553977,15.0,2289.96781615129,24.1902604449191,93.7748242034371,0,0,0,0,0,0,0.9665579614382441,-0.25644825439130164
-8.55120526181124,-23.0756018327088,0,-1.83023884376946,15.0,2242.40212114513,24.4095241503347,93.5555604980215,0,0,0,0,0,0,0.9665331460000658,-0.25654176596261175
-8.60712781935163,-23.2862511132046,0,-1.83033708671357,15.0,2194.19776909718,24.6274701340446,93.3376145143116,0,0,0,0,0,0,0.9665079379173986,-0.25663671978627284
-8.662723702971,-23.4955862926331,0,-1.83043690153901,15.0,2145.41948083149,24.844062192121,93.1210224562352,0,0,0,0,0,0,0.9664823169533951,-0.25673319032878655
-8.71798369176322,-23.7035723587573,0,-1.8305383689529,15.0,2096.13218053223,25.0592641206977,92.9058205276585,0,0,0,0,0,0,0.9664562619252824,-0.2568312554682742
-8.77289856482217,-23.9101742993404,0,-1.83064157345369,15.0,2046.40086193012,25.2730397159741,92.6920449323821,0,0,0,0,0,0,0.9664297506368771,-0.25693099673636793
-8.8274591012417,-24.1153571021454,0,-1.83074660360191,15.0,1996.29046029724,25.485352774219,92.4797318741372,0,0,0,0,0,0,0.9664027598057535,-0.2570324995789893
-8.8816560801157,-24.3190857549354,0,-1.83085355231247,15.0,1945.8657260691,25.6961670917753,92.2689175565809,0,0,0,0,0,0,0.9663752649845336,-0.2571358536378629
-8.93548028053803,-24.5213252454736,0,-1.83096251717062,15.0,1895.19109866906,25.9054464650643,92.0596381832919,0,0,0,0,0,0,0.966347240475721,-0.2572411530547925
-8.98892248160255,-24.7220405615231,0,-1.83107360077384,15.0,1844.33058261094,26.113154690591,91.8519299577652,0,0,0,0,0,0,0.9663186592394487,-0.2573484968008832
-9.04197346240314,-24.9211966908469,0,-1.83118691110241,0.1,1793.34763240304,26.3192555649491,91.6458290834071,0,0,0,0,0,0,0.9662894927933876,-0.25745798903335226
-9.09462400203367,-25.1187586212082,0,-1.83130256192138,0.1,1742.30503207016,26.5237128848265,91.4413717635297,0,0,0,0,0,0,0.9662597111040568,-0.25756973948254225
-9.146864879588,-25.3146913403701,0,-1.83142067321742,0.1,1691.26478520736,26.7264904470118,91.2385942013444,0,0,0,0,0,0,0.9662292824685806,-0.2576838638724818
-9.19868687416001,-25.5089598360956,0,-1.83154137167395,0.1,1640.28800589,26.9275520484002,91.037532599956,0,0,0,0,0,0,0.9661981733859433,-0.2578004843782622
-9.25008076484356,-25.7015290961479,0,-1.83166479118881,0.1,1589.43481090261,27.1268614860009,90.8382231623553,0,0,0,0,0,0,0.9661663484165642,-0.2579197301243204
-9.30103733073252,-25.8923641082902,0,-1.83179107343891,0.1,1538.76422374314,27.3243825569441,90.6407020914122,0,0,0,0,0,0,0.9661337700289583,-0.25804173772789546
-9.35154735092076,-26.0814298602854,0,-1.83192036849708,0.1,1488.33407332498,27.520079058489,90.4450055898672,0,0,0,0,0,0,0.9661003984320299,-0.258166651892674
-9.40160160450215,-26.2686913398967,0,-1.83205283550685,0.1,1438.20090477242,27.7139147880329,90.2511698603233,0,0,0,0,0,0,0.9660661913914038,-0.25829462605812686
-9.45119087057055,-26.4541135348873,0,-1.83218864342168,0.1,1388.41988860726,27.9058535431198,90.0592311052364,0,0,0,0,0,0,0.966031104027974,-0.2584258231107984
-9.50030592821985,-26.6376614330201,0,-1.83232797181605,0.1,1339.0447422261,28.0958591214508,89.8692255269054,0,0,0,0,0,0,0.965995088596601,-0.2585604161646656
-9.5489375565439,-26.8193000220584,0,-1.83247101177678,0.1,1290.12764598522,28.2838953208946,89.6811893274617,0,0,0,0,0,0,0.9659580942426149,-0.25869858941860396
-9.59707653463658,-26.9989942897652,0,-1.83261796688392,0.1,1241.71917333286,28.4699259394994,89.4951587088568,0,0,0,0,0,0,0.9659200667335062,-0.2588405390999233
-9.64471364159175,-27.1767092239036,0,-1.83276905429211,0.1,1193.86821944023,28.6539147755055,89.3111698728507,0,0,0,0,0,0,0.9658809481627436,-0.2589864745044407
-9.69183965650329,-27.3524098122368,0,-1.8329245059247,0.1,1146.6219383533,28.835825627359,89.1292590209972,0,0,0,0,0,0,0.9658406766222674,-0.25913661914488406
-9.73844535846505,-27.5260610425278,0,-1.83308456979446,0.1,1100.02568254429,29.0156222937267,88.9494623546296,0,0,0,0,0,0,0.965799185839755,-0.2592912120208984
-9.78452152657092,-27.6976279025397,0,-1.83324951146712,0.1,1054.12294798032,29.1932685735123,88.7718160748439,0,0,0,0,0,0,0.9657564047760839,-0.2594505090262354
-9.83005893991475,-27.8670753800357,0,-1.83341961568604,0.1,1008.95532447531,29.3687282658744,88.5963563824818,0,0,0,0,0,0,0.9657122571778147,-0.25961478451068676
-9.87504837759043,-28.0343684627789,0,-1.83359518817909,0.1,964.562449494598,29.5419651702455,88.4231194781107,0,0,0,0,0,0,0.9656666610787215,-0.2597843330169734
-9.91948061869181,-28.1994721385323,0,-1.83377655767226,0.1,920.981967827908,29.7129430863533,88.2521415620029,0,0,0,0,0,0,0.9656195282434162,-0.25995947121611535
-9.96334644231277,-28.3623513950591,0,-1.83396407813808,0.1,878.249494453403,29.8816258142441,88.0834588341121,0,0,0,0,0,0,0.9655707635450789,-0.2601405400681975
-10.0066366275472,-28.5229712201224,0,-1.8341581313115,0.1,836.398582632027,30.0479771543078,87.9171074940485,0,0,0,0,0,0,0.9655202642679878,-0.2603279072398406
-10.0493419534889,-28.6812966014852,0,-1.83435912951121,0.1,795.460696401674,30.2119609073063,87.75312374105,0,0,0,0,0,0,0.965467919324008,-0.2605219698147756
-10.0914531992318,-28.8372925269107,0,-1.83456751881052,0.1,755.465186104972,30.3735408744043,87.591543773952,0,0,0,0,0,0,0.9654136083704032,-0.26072315733980694
-10.1329611438698,-28.990923984162,0,-1.83478378260962,0.1,716.439269361297,30.5326808572031,87.4324037911531,0,0,0,0,0,0,0.965357200814111,-0.2609319352558136
-10.1738565664966,-29.1421559610022,0,-1.83500844566963,0.1,678.408015518045,30.6893446577789,87.2757399905774,0,0,0,0,0,0,0.9652985546851016,-0.261148808771654
-10.2141302462063,-29.2909534451944,0,-1.83524207867985,0.1,641.394332801214,30.8434960787236,87.1215885696326,0,0,0,0,0,0,0.9652375153582349,-0.261374327249371
-10.2537729620926,-29.4372814245018,0,-1.83548530344219,0.1,605.418961142689,30.9950989231923,86.9699857251639,0,0,0,0,0,0,0.9651739140993367,-0.26160908918110254
-10.2927754932495,-29.5811048866873,0,-1.83573879877257,0.1,570.500466399818,31.1441169949544,86.8209676534019,0,0,0,0,0,0,0.9651075664065737,-0.2618537478532262
-10.3311286187707,-29.7223888195141,0,-1.83600330723758,0.1,536.655239735934,31.2905140984512,86.674570549905,0,0,0,0,0,0,0.9650382701127355,-0.26210901781094625
-10.3688231177502,-29.8610982107454,0,-1.83627964286774,0.1,503.897498289124,31.4342540388612,86.5308306094951,0,0,0,0,0,0,0.9649658032072229,-0.26237568225854907
-10.4058497692819,-29.9971980481442,0,-1.83656870001679,0.1,472.239291283595,31.5753006221719,86.3897840261844,0,0,0,0,0,0,0.9648899213281922,-0.26265460155739734
-10.4421993524595,-30.1306533194736,0,-1.83687146357067,0.1,441.690506197164,31.7136176552618,86.2514669930944,0,0,0,0,0,0,0.9648103548651084,-0.26294672301640043
-10.4778626463771,-30.2614290124967,0,-1.83718902075234,0.1,412.258880265942,31.8491689459924,86.1159157023638,0,0,0,0,0,0,0.964726805599247,-0.2632530922102774
-10.5128304301283,-30.3894901149768,0,-1.83752257482146,0.1,383.950012563986,31.9819183033124,85.9831663450438,0,0,0,0,0,0,0.9646389427938201,-0.2635748661113594
-10.5470934828072,-30.5148016146767,0,-1.83787346103339,0.1,356.767379722586,32.111829537376,85.8532551109802,0,0,0,0,0,0,0.9645463986256686,-0.26391332838311277
-10.5806425835076,-30.6373284993597,0,-1.83824316530473,0.1,330.712353321702,32.2388664596779,85.7262181886784,0,0,0,0,0,0,0.9644487628254224,-0.2642699072624655
-10.6134685113233,-30.7570357567889,0,-1.83863334613638,0.1,305.784219367387,32.3629928832072,85.6020917651491,0,0,0,0,0,0,0.9643455763614827,-0.2646461965569123
-10.6455620453482,-30.8738883747273,0,-1.83904586047729,0.1,281.980200087085,32.4841726226246,85.4809120257317,0,0,0,0,0,0,0.9642363239628148,-0.2650439804083047
-10.6769139646762,-30.9878513409381,0,-1.83948279438098,0.1,34.1657813980381,32.6023694944661,85.3627151538902,0,0,0,0,0,0,0.9641204252237173,-0.2654652626360715
-10.7342130125492,-31.2002353720709,0,-1.82665383548667,0.1,13.9425015437578,32.8223471241636,85.1427375241926,0,0,0,0,0,0,0.9674466373130953,-0.2530750954787615
-10.7998648124907,-31.4617544251161,0,-1.80674797196761,0.1,13.3331264955909,33.0919809016123,84.873103746744,0,0,0,0,0,0,0.9722923170945896,-0.23376836851643118
-10.8593213373635,-31.7204714372516,0,-1.78652039044375,0.1,12.92127975363,33.3574419547223,84.607642693634,0,0,0,0,0,0,0.9768216610041505,-0.2140547654061746
-10.9126620948856,-31.9763689736155,0,-1.76597289738546,0.1,12.5287796099403,33.6188397082133,84.346244940143,0,0,0,0,0,0,0.9810134407850987,-0.19393975610735864
-10.9599665927747,-32.2294295993458,0,-1.745107981016,0.1,12.1550316306964,33.876283674574,84.0888009737822,0,0,0,0,0,0,0.9848461522055418,-0.1734302640427521
-11.0013143387488,-32.4796358795807,0,-1.72392884060029,0.1,11.7994542149414,34.1298833961159,83.8352012522404,0,0,0,0,0,0,0.9882981104638904,-0.15253473326919303
-11.0367848405257,-32.7269703794582,0,-1.70243941270317,0.1,11.4614785944634,34.3797483823104,83.5853362660459,0,0,0,0,0,0,0.991347555302619,-0.13126318827272487
-11.0664576058233,-32.9714156641166,0,-1.6806443938306,0.1,11.1405488146182,34.6259880423818,83.3390966059744,0,0,0,0,0,0,0.9939727654272391,-0.10962728487437189
-11.0904121423593,-33.2129542986937,0,-1.65854925886007,0.1,10.836121694085,34.8687116131657,83.0963730351906,0,0,0,0,0,0,0.996152181609831,-0.08764035071800182
-11.1087279578518,-33.4515688483279,0,-1.63616027467076,0.1,10.547666762387,35.1080280822903,82.857056566066,0,0,0,0,0,0,0.9978645376254028,-0.06531741383154205
-11.1214845600185,-33.6872418781572,0,-1.61348450840155,0.1,10.2746661720248,35.3440461067879,82.6210385415684,0,0,0,0,0,0,0.9990889979299666,-0.04267521781192437
-11.1287614565773,-33.9199559533196,0,-1.59052982979714,0.1,10.0166145847585,35.5768739272953,82.388210721061,0,0,0,0,0,0,0.9998053007479247,-0.019732222286194045
-11.1306381552461,-34.1496936389533,0,-1.56730490715001,0.1,9.7730190293153,35.8066192780605,82.1584653702958,0,0,0,0,0,0,0.9999939050006231,0.003491412551483521
-11.1271941637427,-34.3764375001964,0,-1.54381919640938,0.1,9.54339872943367,36.0333892930292,81.9316953553271,0,0,0,0,0,0,0.9996361392859926,0.026973858333499016
-11.118508989785,-34.600170102187,0,-1.52008292310754,0.1,9.32728490097115,36.2572904083461,81.7077942400102,0,0,0,0,0,0,0.9987143509199664,0.05069166861043522
-11.1046621410908,-34.8208740100632,0,-1.49610705684861,0.1,9.12422051638998,36.4784282616653,81.486656386691,0,0,0,0,0,0,0.9972120528829298,0.07461984712536411
-11.0857331253781,-35.0385317889631,0,-1.47190327821336,0.1,8.93376003654732,36.6969075887227,81.2681770596335,0,0,0,0,0,0,0.9951140663877667,0.0987319344346276
-11.0618014503646,-35.2531260040248,0,-1.44748393805466,0.1,8.75546910841762,36.9128321176834,81.0522525306729,0,0,0,0,0,0,0.9924066567084249,0.12300011268615368
-11.0329466237682,-35.4646392203864,0,-1.42286200928866,0.1,8.58892422959712,37.1263044618256,80.8387801865307,0,0,0,0,0,0,0.989077659886481,0.14739532799068852
-10.9992481533068,-35.673054003186,0,-1.39805103142373,0.1,8.43371237878074,37.3374260111777,80.6276586371786,0,0,0,0,0,0,0.9851165979734443,0.171887429433415
-10.9607855466983,-35.8783529175618,0,-1.37306504820949,0.1,8.28943061379085,37.5462968237652,80.418787824591,0,0,0,0,0,0,0.9805147805720655,0.19644532338468698
-10.9176383116605,-36.0805185286517,0,-1.34791853892675,0.1,8.15568563825806,37.7530155171599,80.2120691311964,0,0,0,0,0,0,0.9752653906115556,0.22103714139322828
-10.8698859559112,-36.279533401594,0,-1.32262634397294,0.1,8.03209333830598,37.9576791610535,80.0074054873027,0,0,0,0,0,0,0.969363552527877,0.2456304195952404
-10.8176079871684,-36.4753801015267,0,-1.29720358552136,0.1,7.9182782922558,38.160383171597,79.8047014767593,0,0,0,0,0,0,0.9628063813165199,0.2701922872625867
-10.7608839131498,-36.6680411935879,0,-1.27166558414213,0.1,7.81387325580559,38.3612212082521,79.6038634401042,0,0,0,0,0,0,0.9555930112740673,0.2946896618549086
-10.6997932415734,-36.8574992429158,0,-1.2460277723652,0.1,7.71851862621565,38.5602850739053,79.404799574451,0,0,0,0,0,0,0.9477246036367737,0.31908944774392045
-10.634415480157,-37.0437368146484,0,-1.22030560623646,0.1,7.6318618905178,38.7576646189769,79.2074200293794,0,0,0,0,0,0,0.9392043327469675,0.3433587356531411
-10.5648301366185,-37.2267364739238,0,-1.19451447596556,0.1,7.55355706071589,38.9534476502393,79.011636998117,0,0,0,0,0,0,0.930037350817957,0.367464999807487
-10.4911167186756,-37.4064807858801,0,-1.16866961678583,0.1,7.48326410312811,39.1477198450214,78.8173648033348,0,0,0,0,0,0,0.920230731810368,0.3913762898180659
-10.4133547340464,-37.5829523156556,0,-1.14278602114229,0.1,7.4206483664897,39.3405646714357,78.6245199769206,0,0,0,0,0,0,0.909793395362588,0.4150614144372055
-10.3316236904487,-37.7561336283881,0,-1.11687835329374,0.1,7.36538001526014,39.5320633152099,78.4330213331464,0,0,0,0,0,0,0.8987360121209801,0.43849011450302683
-10.2460030956002,-37.9260072892159,0,-1.09096086735921,0.1,7.31713347540366,39.7222946136475,78.2427900347088,0,0,0,0,0,0,0.8870708921780014,0.4616332226459926
-10.1565724572189,-38.0925558632771,0,-1.0650473297612,0.1,7.27558689848475,39.911334997172,78.0537496511843,0,0,0,0,0,0,0.874811858637478,0.48446280764083555
-10.0634112830226,-38.2557619157097,0,-1.03915094692039,0.1,7.2404216527618,40.0992584388398,77.8658262095165,0,0,0,0,0,0,0.8619741085768535,0.506952301644976
-9.96659908072922,-38.4156080116519,0,-1.01328429894162,0.1,7.21132184765323,40.2861364121295,77.6789482362268,0,0,0,0,0,0,0.8485740638596353,0.5290766089563436
-9.86621535805658,-38.5720767162418,0,-0.987459279904528,0.1,7.18797389941925,40.4720378572385,77.4930467911177,0,0,0,0,0,0,0.8346292143649089,0.5508121953339586
-9.76233962272254,-38.7251505946174,0,-0.96168704523742,0.1,7.17006614558911,40.6570291560397,77.3080554923166,0,0,0,0,0,0,0.8201579562439586,0.5721371573405566
-9.65505138244498,-38.8748122119169,0,-0.935977966513799,0.1,7.15728851534,40.8411741157713,77.123910532585,0,0,0,0,0,0,0.805179427788977,0.5930312715746241
-9.54443014494174,-39.0210441332783,0,-0.910341593873247,0.1,7.14933226290501,41.0245339614623,76.940550686894,0,0,0,0,0,0,0.789713345411466,0.6134760240457899
-9.43055541793069,-39.1638289238399,0,-0.884786626134075,0.1,7.14588977019602,41.2071673370198,76.7579173113364,0,0,0,0,0,0,0.7737798420843667,0.6334546203035325
-9.31350670912969,-39.3031491487396,0,-0.859320888539157,0.1,7.14665442536508,41.3891303148425,76.5759543335138,0,0,0,0,0,0,0.7573993104116212,0.6529519772448817
-9.1933635262566,-39.4389873731156,0,-0.833951317960942,0.1,7.15132058186434,41.5704764137598,76.3946082345965,0,0,0,0,0,0,0.7405922522612307,0.6719546977963898
-9.07020537702927,-39.571326162106,0,-0.808683955289209,0.1,7.15958360339931,41.7512566250456,76.2138280233107,0,0,0,0,0,0,0.7233791366432217,0.6904510298850361
-8.94411176916557,-39.7001480808489,0,-0.783523944637426,0.1,7.17113999748128,41.9315194462059,76.0335652021504,0,0,0,0,0,0,0.7057802672425852,0.708430811280103
-8.81516221038336,-39.8254356944824,0,-0.758475538931457,0.1,7.1856876412215,42.1113109221999,75.8537737261563,0,0,0,0,0,0,0.6878156607388839,0.7258854020038786
-8.68343620840049,-39.9471715681446,0,-0.733542111388329,0.1,7.2029260997476,42.2906746937222,75.6744099546341,0,0,0,0,0,0,0.6695049367678549,0.7428076060754026
-8.54901327093484,-40.0653382669736,0,-0.708726172352547,0.1,7.22255703859871,42.4696520521479,75.4954325962084,0,0,0,0,0,0,0.6508672201136909,0.7591915843721374
-8.41197290570426,-40.1799183561075,0,-0.684029390932438,0.1,7.24428472817652,42.6482820007244,75.3168026476318,0,0,0,0,0,0,0.6319210554703142,0.7750327603742206
-8.2723946204266,-40.2908944006844,0,-0.659452620868096,0.1,7.26781663837358,42.8266013215817,75.1384833267746,0,0,0,0,0,0,0.6126843348809068,0.7903277205005155
-8.13035792281973,-40.3982489658425,0,-0.634995930064433,0.1,7.29286411923584,43.004644648127,74.9604400002293,0,0,0,0,0,0,0.5931742377609687,0.8050741106610583
-7.98594232060151,-40.5019646167197,0,-0.6106586332359,0.1,7.31914316310073,43.1824445423929,74.7826401059634,0,0,0,0,0,0,0.573407183233443,0.8192705305430489
-7.8392273214898,-40.6020239184543,0,-0.58643932713212,0.1,7.34637524095223,43.3600315769082,74.6050530714481,0,0,0,0,0,0,0.5533987943561907,0.8329164270232126
-7.69029243320245,-40.6984094361842,0,-0.562335927844097,0.1,7.37428820510306,43.537434420677,74.4276502276793,0,0,0,0,0,0,0.5331638737021563,0.8460119879640661
-7.53921716345734,-40.7911037350477,0,-0.538345709727214,0.1,7.40261725005808,43.714679928858,74.2504047194983,0,0,0,0,0,0,0.5127163896600937,0.8585580375105221
-7.38608101997231,-40.8800893801829,0,-0.514465345518233,0.1,7.43110591959386,43.8917932357595,74.0732914125968,0,0,0,0,0,0,0.492069472756976,0.8705559338610425
-7.23096351046524,-40.9653489367278,0,-0.49069094726749,0.1,7.45950714988688,44.0687978507781,73.8962867975781,0,0,0,0,0,0,0.4712354212600158,0.8820074703481232
-7.07394414265397,-41.0468649698205,0,-0.467018107753003,0.1,7.48758433572141,44.2457157569353,73.719368891421,0,0,0,0,0,0,0.45022571529389216,0.8929147805295324
-6.91510242425638,-41.1246200445991,0,-0.443441942089182,0.1,7.51511240672943,44.422567511683,73.5425171366733,0,0,0,0,0,0,0.42905103870456934,0.9032802478669232
-6.75451786299031,-41.1985967262018,0,-0.419957129288116,0.1,7.54187890032561,44.5993723496766,73.3657122986797,0,0,0,0,0,0,0.4077213079119866,0.9131064204541216
-6.59226996657363,-41.2687775797666,0,-0.396557953575192,0.1,7.56768501672169,44.7761482872324,73.1889363611239,0,0,0,0,0,0,0.3862457070170217,0.9223959311547949
-6.4284382427242,-41.3351451704317,0,-0.373238345302398,0.1,7.59234664290999,44.9529122282106,73.0121724201456,0,0,0,0,0,0,0.36463272846069344,0.9311514234190431
-6.26310219915988,-41.3976820633351,0,-0.349991921341524,0.1,7.61569533072463,45.129680071088,72.8354045772683,0,0,0,0,0,0,0.3428902185729331,0.9393754829710035
-6.09634134359854,-41.4563708236151,0,-0.326812024875116,0.1,7.63757921583884,45.3064668170017,72.6586178313546,0,0,0,0,0,0,0.3210254273919437,0.9470705754946777
-5.92823518375802,-41.5111940164095,0,-0.303691764535295,0.1,7.65786386566623,45.4832866785685,72.4817979697878,0,0,0,0,0,0,0.2990450621811087,0.9542389903923948
-5.75886322735619,-41.5621342068566,0,-0.280624052869141,0.1,7.67643304208989,45.6601531892995,72.3049314590568,0,0,0,0,0,0,0.276955344116623,0.9608827906489131
-5.58830498211091,-41.6091739600945,0,-0.257601644134153,0.1,7.69318937061524,45.837079313447,72.1280053349093,0,0,0,0,0,0,0.25476206766382675,0.9670037688032306
-5.41663995574005,-41.6522958412613,0,-0.234617171448376,0.1,7.70805490495653,46.0140775561339,71.9510070922224,0,0,0,0,0,0,0.23247066220231888,0.9726034090086335
-5.24394765596145,-41.691482415495,0,-0.211663183336991,0.1,7.72097157897169,46.1911600736307,71.7739245747256,0,0,0,0,0,0,0.2100862554979866,0.9776828551482504
-5.07030759049298,-41.7267162479338,0,-0.188732179730722,0.1,7.73190154037749,46.3683387836503,71.596745864706,0,0,0,0,0,0,0.18761373865335823,0.982242884967109
-4.89579926705251,-41.7579799037158,0,-0.165816647481193,0.1,7.74082736129248,46.5456254755447,71.4194591728116,0,0,0,0,0,0,0.16505783219522452,0.9862838901812262
-4.72050219335788,-41.7852559479791,0,-0.142909095464641,0.1,7.74775212269571,46.7230319202883,71.242052728068,0,0,0,0,0,0,0.1424231529799211,0.9898058625282323
-4.54449587712697,-41.8085269458617,0,-0.120002089348092,0.1,7.75269937260602,46.9005699801392,71.0645146682171,0,0,0,0,0,0,0.11971428161148712,0.9928083857312274
-4.36785982607762,-41.8277754625019,0,-0.0970882860914328,0.1,7.75571295840804,47.0782517178703,70.886832930486,0,0,0,0,0,0,0.09693583007599738,0.9952906333566479
-4.19067354792771,-41.8429840630377,0,-0.0741604682547969,0.1,7.75685673762537,47.2560895054602,70.708995142896,0,0,0,0,0,0,0.07409250929658225,0.9972513725566567
-4.01301655039509,-41.8541353126071,0,-0.0512115781734691,0.1,7.75621417040657,47.4340961321326,70.5309885162237,0,0,0,0,0,0,0.05118919630812461,0.9986889736956789
-3.83496834119762,-41.8612117763483,0,-0.0282347520521274,0.1,7.75388780188512,47.6122849116264,70.3527997367299,0,0,0,0,0,0,0.028231000738511508,0.9996014258679817
-3.65660842805316,-41.8641960193995,0,-0.0052233540168774,0.1,7.74999864141791,47.7906697885737,70.1744148597826,0,0,0,0,0,0,0.005223330265076638,0.9999863583174232
-3.47801631867957,-41.8630706068987,0,0.0178289898527824,0.1,7.74468544969545,47.9692654438506,69.9958192045056,0,0,0,0,0,0,-0.017828045309071897,0.9998410677705021
-3.29927152079472,-41.8578181039839,0,0.0409283575090297,0.1,7.73810394212093,48.1480873987604,69.8169972495958,0,0,0,0,0,0,-0.040916931743076465,0.999162551688529
-3.12045354211646,-41.8484210757934,0,0.0640804969564897,0.1,7.73042592329582,48.3271521178912,69.637932530465,0,0,0,0,0,0,-0.0640366502279983,0.9979475474330186
-2.94164189036265,-41.8348620874652,0,0.0872907923515731,0.1,7.72183836238714,48.5064771104813,69.458607537875,0,0,0,0,0,0,-0.08717997989166588,0.9961925773193097
-2.76291607325115,-41.8171237041375,0,0.110564230249619,0.1,7.71254242405334,48.6860810301079,69.2790036182484,0,0,0,0,0,0,-0.110339103430401,0.9938939995060717
-2.58435559849982,-41.7951884909482,0,0.133905366097377,0.1,7.70275246734546,48.8659837725025,69.0991008758538,0,0,0,0,0,0,-0.1335055563980505,0.9910480646320071
-2.40603997382652,-41.7690390130356,0,0.157318291098244,0.1,7.6926950265218,49.0462065712759,68.9188780770804,0,0,0,0,0,0,-0.15667018072049704,0.9876509780651295
-2.22804870694912,-41.7386578355377,0,0.180806599608698,0.1,7.68260778638603,49.2267720913255,68.7383125570308,0,0,0,0,0,0,-0.17982308303881822,0.9836989675741326
-2.05046130558547,-41.7040275235926,0,0.204373357255974,0.1,7.67273856501302,49.4077045196751,68.5573801286811,0,0,0,0,0,0,-0.20295359851453318,0.9791883561654529
-1.87335727745343,-41.6651306423385,0,0.228021069998757,0.1,7.66334431648596,49.589029653487,68.3760549948693,0,0,0,0,0,0,-0.22605026075399834,0.9741156397538484
-1.69681613027087,-41.6219497569135,0,0.251751654383661,0.1,7.65469016426076,49.7707749849666,68.1943096633897,0,0,0,0,0,0,-0.24910077852364743,0.9684775692492381
-1.52091737175564,-41.5744674324555,0,0.275566409279888,0.1,7.64704847611251,49.9529697828702,68.0121148654861,0,0,0,0,0,0,-0.2720920199313283,0.962271236549077
-1.3457405096256,-41.5226662341029,0,0.299465989401756,0.1,7.6406979902845,50.1356451703106,67.8294394780457,0,0,0,0,0,0,-0.29501000473915256,0.9554941638250886
-1.17136505159861,-41.4665287269935,0,0.323450380952929,0.1,7.63592300054357,50.318834198548,67.6462504498083,0,0,0,0,0,0,-0.31783990544801877,0.9481443953875351
-0.997870505392533,-41.4060374762657,0,0.347518879746069,0.1,7.63301260816355,50.5025719164447,67.4625127319116,0,0,0,0,0,0,-0.3405660577512331,0.9402205913017347
-0.825336378725231,-41.3411750470574,0,0.371670072166358,0.1,7.63226004566353,50.6868954352578,67.2781892130985,0,0,0,0,0,0,-0.36317198089288205,0.931722121822993
-0.653842179314563,-41.2719240045067,0,0.395901819355808,0.1,7.63396207842809,50.8718439884445,67.0932406599118,0,0,0,0,0,0,-0.38564040838447095,0.9226491616107709
-0.483467414878386,-41.1982669137518,0,0.420211244996592,0.1,7.63841848552531,51.0574589861552,66.907625662201,0,0,0,0,0,0,-0.4079533294301774,0.9130027825843868
-0.314291593134566,-41.1201863399308,0,0.444594727064788,0.1,7.64593162473258,51.2437840640995,66.7213005842568,0,0,0,0,0,0,-0.430092041286679,0.9027850441948281
-0.146394221800956,-41.0376648481818,0,0.469047893910262,0.1,7.65680607965694,51.4308651264794,66.5342195218769,0,0,0,0,0,0,-0.4520372126386575,0.8919990798144767
0.0201451914045792,-40.9506850036428,0,0.493565624993218,0.1,7.6713483911211,51.6187503827048,66.3463342656515,0,0,0,0,0,0,-0.47376895790713264,0.8806491778929846
0.185247138764182,-40.859229371452,0,0.518142056572929,0.1,7.68986687111607,51.807490377622,66.1575942707343,0,0,0,0,0,0,-0.49526692222721186,0.8687408564972554
0.348832112559989,-40.7632805167475,0,0.542770592599073,0.1,7.71267149593728,51.9971380150206,65.9679466333357,0,0,0,0,0,0,-0.5165103766378236,0.856280929850393
0.510820605074144,-40.6628210046674,0,0.56744392100132,0.1,7.7400738775153,52.1877485742097,65.7773360741466,0,0,0,0,0,0,-0.5374783228229264,0.8432775655117679
0.671133108588784,-40.5578334003498,0,0.592154035508631,0.1,7.77238730738178,52.3793797194954,65.5857049288609,0,0,0,0,0,0,-0.5581496065363756,0.8297403309007518
0.829690115386052,-40.4483002689328,0,0.616892263057278,0.1,7.80992686969408,52.5720915024318,65.3929931459245,0,0,0,0,0,0,-0.5785030386370924,0.8156802279616999
0.986412117748084,-40.3342041755544,0,0.641649296766905,0.1,7.85300961842346,52.765946356765,65.1991382915913,0,0,0,0,0,0,-0.5985175224635557,0.8011097148980825
1.14121960795702,-40.2155276853529,0,0.66641523437879,0.1,7.90195481231343,52.9610090860378,65.0040755623185,0,0,0,0,0,0,-0.6181721860937173,0.7860427140684624
1.29403307829501,-40.0922533634663,0,0.691179621961649,0.1,7.95708420287511,53.1573468438771,64.8077378044792,0,0,0,0,0,0,-0.6374465178748682,0.7704946053342654
1.44477302104418,-39.9643637750326,0,0.715931502600146,0.1,8.01872236876277,53.3550291070413,64.610055541315,0,0,0,0,0,0,-0.6563205034743196,0.754482204375435
1.59335992848667,-39.8318414851901,0,0.740659469692023,0.1,8.0871970899369,53.5541276413615,64.4109570069949,0,0,0,0,0,0,-0.6747747626018462,0.7380237257403193
1.73971429290463,-39.6946690590768,0,0.765351724394085,0.1,8.16283975677791,53.7547164607657,64.2103681875906,0,0,0,0,0,0,-0.6927906834938502,0.7211387306643042
1.8837566065802,-39.5528290618308,0,0.789996136677586,0.1,8.24598580561459,53.9568717796365,64.0082128687198,0,0,0,0,0,0,-0.7103505532309228,0.7038480599707028
2.02540736179551,-39.4063040585903,0,0.814580309382469,0.1,8.33697517727686,54.1606719588016,63.8044126895547,0,0,0,0,0,0,-0.7274376819875354,0.6861737526491386
2.16458705083271,-39.2550766144932,0,0.839091644599532,0.1,8.43615279012417,54.3661974455146,63.5988872028417,0,0,0,0,0,0,-0.7440365193857236,0.6681389509827861
2.30121616597393,-39.0991292946778,0,0.863517411662017,0.1,8.54386902417555,54.5735307078289,63.3915539405275,0,0,0,0,0,0,-0.7601327612431155,0.6497677933576862
2.43521519950132,-38.9384446642822,0,0.887844815994944,0.1,8.66048020900743,54.7827561638127,63.1823284845436,0,0,0,0,0,0,-0.7757134451669183,0.631085296126657
2.56650464369701,-38.7730052884443,0,0.912061068052759,0.1,8.78634911203519,54.9939601060933,62.9711245422631,0,0,0,0,0,0,-0.7907670336451895,0.6121172261094991
2.69500499084315,-38.6027937323024,0,0.936153451574337,0.1,8.92184542154589,55.207230622248,62.7578540261083,0,0,0,0,0,0,-0.8052834835192832,0.5928899654835189
2.82063673322187,-38.4277925609945,0,0.960109390398935,0.1,9.06734622063974,55.4226575115916,62.5424271367647,0,0,0,0,0,0,-0.8192543009796174,0.5734303709487303
2.94332036311531,-38.2479843396588,0,0.983916513117089,0.1,9.22323644850585,55.6403321989205,62.3247524494358,0,0,0,0,0,0,-0.8326725815030636,0.5537656291365725
3.06297637280562,-38.0633516334333,0,1.00756271487544,0.1,9.38990934559375,55.8603476457945,62.1047370025618,0,0,0,0,0,0,-0.8455330344356362,0.5339231102678224
3.17952525457494,-37.8738770074562,0,1.03103621571281,0.1,9.56776687965882,56.0827982599336,61.8822863884227,0,0,0,0,0,0,-0.8578319922101902,0.5139302220542163
3.29288750070539,-37.6795430268655,0,1.05432561487437,0.1,9.75722015083668,56.3077798033098,61.6573048450465,0,0,0,0,0,0,-0.8695674044668461,0.4938142657809638
3.40298360347914,-37.4803322567994,0,1.07741994062969,0.1,9.95868977341933,56.5353892995008,61.4296953488555,0,0,0,0,0,0,-0.8807388176061811,0.47360229640666446
3.5097340551783,-37.276227262396,0,1.10030869520585,0.1,10.1726062328828,56.7657249408557,61.1993597075006,0,0,0,0,0,0,-0.8913473405444968,0.4533209883782713
3.61305934808504,-37.0672106087933,0,1.12298189453639,0.1,10.3994102173015,56.9988859960033,60.966198652353,0,0,0,0,0,0,-0.9013955976510245,0.43299650868725537
3.71287997448147,-36.8532648611295,0,1.14543010261857,0.1,10.6395529223908,57.2349727182,60.7301119301563,0,0,0,0,0,0,-0.9108876700244088,0.4126543984952827
3.80911642664975,-36.6343725845426,0,1.16764446036165,0.1,10.8934963295561,57.4740862549881,60.4909983933682,0,0,0,0,0,0,-0.9198290264066461,0.39231946444167354
3.90168919687201,-36.4105163441709,0,1.18961670889681,0.1,11.1617134573783,57.7163285595924,60.2487560887639,0,0,0,0,0,0,-0.9282264451359021,0.37201568051678435
3.9905187774304,-36.1816787051523,0,1.21133920740178,0.1,11.4446885864988,57.9618023044488,60.0032823439075,0,0,0,0,0,0,-0.9360879286046409,0.35176610115341256
4.07552566060705,-35.9478422326249,0,1.23280494556921,0.1,11.7429174584516,58.2106107972126,59.7544738511437,0,0,0,0,0,0,-0.9434226117177023,0.33159278595854513
4.1566303386841,-35.708989491727,0,1.25400755091574,0.1,12.0569074494234,58.4628578995556,59.5022267488007,0,0,0,0,0,0,-0.950240665838616,0.31151673628648546
4.23375330394369,-35.4651030475966,0,1.27494129118761,0.1,12.387177719475,58.7186479490122,59.2464366993441,0,0,0,0,0,0,-0.95655319967474,0.29155784364687737
4.30681504866797,-35.2161654653717,0,1.29560107216818,0.1,13.1569443458483,58.9780856840974,58.9869989642589,0,0,0,0,0,0,-0.9623721584868368,0.27173484975134643
4.35750808857264,-35.0318170360359,0,1.30611217940943,0.1,44.1692276350629,59.1692770220114,58.7958076263449,0,0,0,0,0,0,-0.9651751774668699,0.26160442810051243
4.38769090356819,-34.9205467380505,0,1.30572092520494,0.1,308.4696940636,59.2845683119462,58.6805163364101,0,0,0,0,0,0,-0.9650727497626378,0.2619820369139477
4.41870433159646,-34.8063854399428,0,1.30535438150408,0.1,337.412978923581,59.4028672329205,58.5622174154358,0,0,0,0,0,0,-0.9649766570685901,0.26233576064411934
4.4505384909428,-34.6893672279288,0,1.30501042477314,0.1,368.153233722252,59.5241383162185,58.4409463321378,0,0,0,0,0,0,-0.9648863678383535,0.26266765533599595
4.48318349989261,-34.569526188224,0,1.30468717062239,0.1,400.75783358817,59.648346091365,58.3167385569913,0,0,0,0,0,0,-0.9648014090179232,0.262979545130472
4.51662947673123,-34.4468964070443,0,1.304382941128,0.1,435.296992995257,59.7754550863216,58.1896295620347,0,0,0,0,0,0,-0.9647213582362283,0.26327305400068374
4.55086653974405,-34.3215119706053,0,1.30409623737141,0.1,471.844083094645,59.9054298276557,58.0596548207006,0,0,0,0,0,0,-0.964645837214085,0.26354963241396673
4.58588480721645,-34.1934069651229,0,1.3038257162496,0.1,510.475979890981,60.0382348406876,57.9268498076687,0,0,0,0,0,0,-0.9645745061755414,0.26381057984131423
4.62167439743378,-34.0626154768127,0,1.30357017080092,0.1,551.273445877294,60.1738346496193,57.791249998737,0,0,0,0,0,0,-0.964507059088249,0.26405706384972355
4.65822542868142,-33.9291715918906,0,1.30332851344014,0.1,594.321550275485,60.3121937776463,57.65289087071,0,0,0,0,0,0,-0.9644432195929483,0.26429013636756876
4.69552801924475,-33.7931093965722,0,1.30309976161295,0.1,639.710134139306,60.4532767470565,57.5118079012998,0,0,0,0,0,0,-0.964382737508471,0.2645107475995399
4.73357228740913,-33.6544629770733,0,1.30288302547224,0.1,687.534320178777,60.5970480793172,57.3680365690391,0,0,0,0,0,0,-0.964325385819584,0.2647197579779611
4.77234835145994,-33.5132664196096,0,1.30267749725137,0.1,737.895082574039,60.7434722951521,57.2216123532042,0,0,0,0,0,0,-0.9642709580716369,0.2649179484663271
4.81184632968255,-33.3695538103969,0,1.30248244206806,0.1,790.899875061779,60.8925139146093,57.072570733747,0,0,0,0,0,0,-0.9642192661093851,0.2651060294740179
4.85205634036233,-33.2233592356509,0,1.3022971899391,0.1,846.663331706558,61.0441374571217,56.9209471912346,0,0,0,0,0,0,-0.964170138108098,0.26528464859582634
4.89296850178466,-33.0747167815874,0,1.30212112882408,0.1,905.308047751033,61.1983074415619,56.7667772067944,0,0,0,0,0,0,-0.9641234168538702,0.2654543973529512
4.93457293223489,-32.923660534422,0,1.3019536985466,0.1,966.965450003074,61.3549883862896,56.6100962620667,0,0,0,0,0,0,-0.9640789582370842,0.26561581708267773
4.97685974999842,-32.7702245803706,0,1.30179438546666,0.1,1031.77677626652,61.5141448091956,56.4509398391607,0,0,0,0,0,0,-0.9640366299288841,0.26576940409941807
5.0198190733606,-32.6144430056488,0,1.30164271779813,0.1,1099.89416864794,61.6757412277405,56.2893434206158,0,0,0,0,0,0,-0.9639963102152456,0.2659156142301387
5.06344102060681,-32.4563498964725,0,1.30149826148201,0.1,1171.48190942114,61.8397421589896,56.1253424893667,0,0,0,0,0,0,-0.963957886967191,0.2660548668108673
5.10771571002242,-32.2959793390573,0,1.30136061654019,0.1,1246.7178122956,62.0061121196451,55.9589725287112,0,0,0,0,0,0,-0.9639212567290077,0.26618754821736185
5.15263325989281,-32.133365419619,0,1.30122941384554,0.1,1325.7947979742,62.1748156260741,55.7902690222822,0,0,0,0,0,0,-0.9638863239089585,0.2663140149922165
5.19818378850334,-31.9685422243733,0,1.30110431225419,0.1,1408.9226797113,62.345817194335,55.6192674540213,0,0,0,0,0,0,-0.9638530000593638,0.26643459662094193
5.24435741413938,-31.8015438395361,0,1.30098499605336,0.1,1496.33019953667,62.5190813402009,55.4460033081554,0,0,0,0,0,0,-0.9638212032347236,0.266549598002266
5.29114425508632,-31.6324043513229,0,1.30087117268516,0.1,1588.26734482895,62.6945725791811,55.2705120691752,0,0,0,0,0,0,-0.9637908574182344,0.26665930165104756
5.33853442962951,-31.4611578459496,0,1.3007625707121,0.1,1685.00800645485,62.8722554265407,55.0928292218156,0,0,0,0,0,0,-0.9637618920083354,0.266763969667033
5.38651805605433,-31.2878384096319,0,1.30065893799507,0.1,1786.85302859023,63.0520943973183,54.912990251038,0,0,0,0,0,0,-0.9637342413581265,0.26686384549780523
5.43508525264616,-31.1124801285855,0,1.30056004005834,0.1,1894.1337258544,63.2340540063427,54.7310306420136,0,0,0,0,0,0,-0.9637078443614151,0.26695915552060506
5.48422613769037,-30.9351170890263,0,1.30046565861961,0.1,2007.21594482424,63.4180987682476,54.5469858801087,0,0,0,0,0,0,-0.9636826440799869,0.26705011046431937
5.53393082947231,-30.7557833771698,0,1.30037559026606,0.1,2126.50478166012,63.6041931974855,54.3608914508708,0,0,0,0,0,0,-0.9636585874074093,0.2671369066901024
5.58418944627738,-30.5745130792319,0,1.30028964525995,0.1,2252.45008847407,63.7923018083401,54.1727828400162,0,0,0,0,0,0,-0.9636356247653065,0.26721972734657407
5.63499210639094,-30.3913402814283,0,1.30020764645903,0.1,2385.55289318583,63.9823891149384,53.9826955334179,0,0,0,0,0,0,-0.9636137098284583,0.26729874341387355
5.68632892809836,-30.2062990699747,0,1.30012942833941,0.1,2526.3729692047,64.1744196312613,53.790665017095,0,0,0,0,0,0,-0.9635927992756629,0.2673741146485427
5.73819002968502,-30.019423531087,0,1.30005483610966,0.1,2675.53775156032,64.3683578711532,53.5967267772031,0,0,0,0,0,0,-0.9635728525635768,0.2674459904401102
5.79056552943628,-29.8307477509807,0,1.29998372490636,0.1,2833.75291672103,64.5641683483318,53.4009163000245,0,0,0,0,0,0,-0.9635538317210957,0.26751451058885467
5.84344554563751,-29.6403058158717,0,1.29991595906281,0.1,3001.81499998165,64.7618155763961,53.2032690719602,0,0,0,0,0,0,-0.9635357011622171,0.2675798060127757
5.8968201965741,-29.4481318119758,0,1.29985141144297,0.1,3180.62650693241,64.9612640688346,53.0038205795217,0,0,0,0,0,0,-0.9635184275153984,0.2676419993914518
5.9506796005314,-29.2542598255085,0,1.29978996283437,0.1,3371.21412899724,65.1624783390328,52.8026063093235,0,0,0,0,0,0,-0.9635019794678535,0.2677012057528468
6.0050138757948,-29.0587239426858,0,1.2997315013938,0.1,3574.75083784434,65.3654229002796,52.5996617480767,0,0,0,0,0,0,-0.9634863276232322,0.26775753300905997
6.05981314064966,-28.8615582497233,0,1.29967592214072,0.1,3792.58282878151,65.5700622657742,52.3950223825821,0,0,0,0,0,0,-0.9634714443714182,0.2678110824459159
6.11506751338136,-28.6627968328367,0,1.29962312649366,0.1,4026.26266151591,65.7763609486317,52.1887236997246,0,0,0,0,0,0,-0.9634573037692565,0.267861949170976
6.17076711227527,-28.4624737782419,0,1.29957302184555,0.1,4277.59023768045,65.9842834618888,51.9808011864675,0,0,0,0,0,0,-0.9634438814311888,0.26791022252389973
6.22690205561675,-28.2606231721545,0,1.2995255211743,0.1,4548.66398307033,66.1937943185091,51.7712903298472,0,0,0,0,0,0,-0.9634311544288731,0.2679559864527174
6.28346246169119,-28.0572791007903,0,1.29948054268524,0.1,4841.94520323046,66.4048580313881,51.5602266169682,0,0,0,0,0,0,-0.9634191011989303,0.26799931985929615
6.34043844878394,-27.852475650365,0,1.2994380094827,0.1,5160.33984742258,66.6174391133576,51.3476455349987,0,0,0,0,0,0,-0.9634077014581337,0.2680402969166308
6.3978201351804,-27.6462469070944,0,1.29939784926785,0.1,5507.30343541938,66.8315020771899,51.1335825711664,0,0,0,0,0,0,-0.9633969361253113,0.2680789873607457
6.45559763916591,-27.4386269571942,0,1.29935999406066,0.1,5886.97697010499,67.0470114356024,50.918073212754,0,0,0,0,0,0,-0.963386787249422,0.26811545675927945
6.51376107902587,-27.2296498868802,0,1.29932437994377,0.1,6304.36552975063,67.2639317012609,50.7011529470954,0,0,0,0,0,0,-0.9633772379432437,0.2681497667588894
6.57230057304564,-27.019349782368,0,1.29929094682635,0.1,6765.57544907483,67.4822273867838,50.4828572615725,0,0,0,0,0,0,-0.9633682723221886,0.2681819753133339
6.63120623951058,-26.8077607298735,0,1.29925963822635,0.1,7278.1342977265,67.701863004745,50.2632216436113,0,0,0,0,0,0,-0.9633598754478371,0.26821213689378004
6.69046819670608,-26.5949168156124,0,1.29923040106942,0.1,7851.42926139753,67.9228030676776,50.0422815806788,0,0,0,0,0,0,-0.9633520332757558,0.26824030268299914
6.75007656291751,-26.3808521258004,0,1.29920318550336,0.1,8497.31827144832,68.1450120880766,49.8200725602797,0,0,0,0,0,0,-0.9633447326073079,0.2682665207545556
6.81002145643023,-26.1656007466532,0,1.2991779447266,0.1,9230.99929729275,68.3684545784025,49.5966300699539,0,0,0,0,0,0,-0.9633379610450742,0.26829083623843564
6.87029299552961,-25.9491967643867,0,1.2991546348297,0.1,10072.2740767242,68.5930950510832,49.3719895972731,0,0,0,0,0,0,-0.9633317069516274,0.2683132914740973
6.93088129850104,-25.7316742652164,0,1.29913321464893,0.1,11047.4327917643,68.8188980185177,49.1461866298386,0,0,0,0,0,0,-0.9633259594114215,0.2683339261518458
6.99177648362988,-25.5130673353583,0,1.29911364563075,0.1,12192.1470167173,69.0458279930779,48.9192566552784,0,0,0,0,0,0,-0.9633207081954915,0.26835277744367897
7.05296866920151,-25.293410061028,0,1.29909589170665,0.1,13556.0618098289,69.2738494871113,48.691235161245,0,0,0,0,0,0,-0.9633159437288288,0.26836988012412266
7.11444797350129,-25.0727365284412,0,1.29907991917732,0.1,15210.3779032684,69.5029270129438,48.4621576354125,0,0,0,0,0,0,-0.963311657060166,0.2683852666820538
7.17620451481459,-24.8510808238137,0,1.29906569660563,0.1,17260.9720567135,69.7330250828811,48.2320595654752,0,0,0,0,0,0,-0.9633078398340401,0.268398967424011
7.23822841142679,-24.6284770333613,0,1.2990531947178,0.1,19872.4284525308,69.9641082092117,48.0009764391446,0,0,0,0,0,0,-0.9633044842649746,0.2684110105695951
7.30050978162327,-24.4049592432997,0,1.29904238631198,0.1,23315.2702108761,70.1961409042088,47.7689437441475,0,0,0,0,0,0,-0.9633015831135785,0.26842142233971084
7.36303874368938,-24.1805615398445,0,1.29903324617402,0.1,28067.5367754323,70.429087680132,47.5359969682243,0,0,0,0,0,0,-0.9632991296645088,0.2684302270378653
7.42580541591051,-23.9553180092117,0,1.29902575099969,0.1,35060.9581729831,70.6629130492297,47.3021715991266,0,0,0,0,0,0,-0.9632971177061038,0.26843744712523393
7.48879991657203,-23.7292627376168,0,1.29901987932312,0.1,46386.5908645447,70.8975815237409,47.0675031246154,0,0,0,0,0,0,-0.9632955415116294,0.26844310328972254
7.5520123639593,-23.5024298112757,0,1.29901561145094,0.1,67912.0576129311,71.1330576158971,46.8320270324592,0,0,0,0,0,0,-0.9632943958220038,0.2684472145095206
7.6154328763577,-23.2748533164041,0,1.29901292940185,0.1,124825.756114302,71.3693058379241,46.5957788104322,0,0,0,0,0,0,-0.9632936758299319,0.26844979811141273
7.6790515720526,-23.0465673392177,0,1.29901181685123,0.1,711410.397128176,71.6062907020439,46.3587939463124,0,0,0,0,0,0,-0.9632933771653462,0.26845086982422295
7.74285856932937,-22.8176059659323,0,1.29901225908055,0.1,195994.479429853,71.8439767204762,46.1211079278801,0,0,0,0,0,0,-0.9632934958820978,0.26845044382762145
7.80684398647339,-22.5880032827635,0,1.29901424293129,0.1,86786.3360430006,72.0823284054406,45.8827562429157,0,0,0,0,0,0,-0.9632940284458138,0.26844853279657843
7.87099794177002,-22.3577933759273,0,1.29901775676318,0.1,55974.518108062,72.3213102691579,45.6437743791984,0,0,0,0,0,0,-0.9632949717228823,0.2684451479416447
7.93531055350465,-22.1270103316392,0,1.29902279041642,0.1,41425.2641751822,72.5608868238518,45.4041978245045,0,0,0,0,0,0,-0.9632963229704671,0.26844029904538835
7.99977193996263,-21.895688236115,0,1.29902933517788,0.1,32942.9251205944,72.8010225817509,45.1640620666054,0,0,0,0,0,0,-0.9632980798275598,0.26843399449498995
8.06437221942933,-21.6638611755705,0,1.29903738375089,0.1,27381.3123304827,73.04168205509,44.9234025932663,0,0,0,0,0,0,-0.9633002403069617,0.2684262413113698
8.12910151019015,-21.4315632362215,0,1.29904693022867,0.1,23448.977072203,73.2828297561121,44.6822548922442,0,0,0,0,0,0,-0.9633028027882147,0.26841704517479875
8.19394993053043,-21.1988285042835,0,1.2990579700711,0.1,20518.0183166538,73.5244301970696,44.4406544512867,0,0,0,0,0,0,-0.9633057660113962,0.26840641044728675
8.25890759873557,-20.9656910659725,0,1.29907050008478,0.1,18246.4312500324,73.7664478902263,44.19863675813,0,0,0,0,0,0,-0.9633091290717706,0.26839434019179087
8.32396463309092,-20.7321850075041,0,1.2990845184063,0.1,16432.0224808881,74.0088473478588,43.9562373004975,0,0,0,0,0,0,-0.9633128914152739,0.26838083618832526
8.38911115188186,-20.4983444150941,0,1.29910002448859,0.1,14947.5932061811,74.2515930822585,43.7134915660978,0,0,0,0,0,0,-0.963317052834796,0.26836589894709606
8.45433727339376,-20.2642033749582,0,1.29911701909025,0.1,13709.1224291508,74.4946496057328,43.4704350426235,0,0,0,0,0,0,-0.9633216134672365,0.2683495277187574
8.519633115912,-20.0297959733121,0,1.29913550426784,0.1,12658.8806961958,74.7379814306071,43.2271032177492,0,0,0,0,0,0,-0.963326573791328,0.2683317205018093
8.58498879772194,-19.7951562963716,0,1.2991554833711,0.1,11755.8943076582,74.9815530692261,42.9835315791302,0,0,0,0,0,0,-0.9633319346262166,0.2683124740471654
8.65039443710895,-19.5603184303525,0,1.29917696104095,0.1,10970.2786971976,75.2253290339561,42.7397556144002,0,0,0,0,0,0,-0.9633376971307624,0.2682917838600342
8.71584015235842,-19.3253164614704,0,1.2991999432104,0.1,10279.7260798936,75.4692738371862,42.4958108111701,0,0,0,0,0,0,-0.9633438628035927,0.26826964419899
8.7813160617557,-19.0901844759412,0,1.29922443710824,0.1,9667.24829289955,75.7133519913301,42.2517326570262,0,0,0,0,0,0,-0.9633504334838711,0.26824604807235775
8.84681228358618,-18.8549565599805,0,1.2992504512655,0.1,9119.68143762154,75.9575280088283,42.007556639528,0,0,0,0,0,0,-0.9633574113527821,0.2682209872319214
8.91231893613521,-18.6196667998042,0,1.29927799552476,0.1,8626.66780421882,76.2017664021493,41.763318246207,0,0,0,0,0,0,-0.9633647989357494,0.2681944521638787
8.97782613768819,-18.3843492816278,0,1.29930708105235,0.1,8179.94683282268,76.446031683792,41.5190529645643,0,0,0,0,0,0,-0.9633725991053984,0.2681664320770021
9.04332400653047,-18.1490380916673,0,1.29933772035332,0.1,7772.85051831734,76.6902883662871,41.2747962820692,0,0,0,0,0,0,-0.9633808150852285,0.26813691488812347
9.10880266094743,-17.9137673161382,0,1.29936992728934,0.1,7399.93792874536,76.9345009621995,41.0305836861567,0,0,0,0,0,0,-0.9633894504540383,0.2681058872047872
9.17425221922444,-17.6785710412565,0,1.29940371709965,0.1,7056.72591554849,77.17863398413,40.7864506642262,0,0,0,0,0,0,-0.9633985091511327,0.2680733343049527
9.23966279964687,-17.4434833532377,0,1.29943910642491,0.1,6739.48770424911,77.4226519447174,40.5424327036389,0,0,0,0,0,0,-0.9634079954822697,0.26803924011389635
9.30502452050009,-17.2085383382977,0,1.29947611333426,0.1,6445.10035322628,77.6665193566405,40.2985652917158,0,0,0,0,0,0,-0.9634179141264295,0.2680035871780072
9.37032750006948,-16.9737700826521,0,1.29951475735551,0.1,6170.9275934322,77.9102007326205,40.0548839157358,0,0,0,0,0,0,-0.9634282701433798,0.2679663566355575
9.43556185664041,-16.7392126725168,0,1.29955505950867,0.1,5914.72899010992,78.153660585423,39.8114240629333,0,0,0,0,0,0,-0.9634390689820931,0.2679275281842419
9.50071770849825,-16.5049001941075,0,1.2995970423429,0.1,5674.58864992293,78.3968634278604,39.5682212204959,0,0,0,0,0,0,-0.9634503164900323,0.2678870800454111
9.56578517392836,-16.2708667336398,0,1.29964072997698,0.1,5448.8588769844,78.6397737727944,39.3253108755619,0,0,0,0,0,0,-0.9634620189233313,0.2678449889248974
9.63075437121613,-16.0371463773296,0,1.29968614814354,0.1,5236.11507297299,78.8823561331382,39.082728515218,0,0,0,0,0,0,-0.9634741829579269,0.2678012299702062
9.69561541864692,-15.8037732113926,0,1.29973332423712,0.1,5035.11951831459,79.1245750218593,38.8405096264969,0,0,0,0,0,0,-0.9634868157016618,0.2677557767239988
9.76035843450611,-15.5707813220445,0,1.2997822873663,0.1,4844.79192246426,79.366394951982,38.5986896963743,0,0,0,0,0,0,-0.9634999247074152,0.26770860107364
9.82497353707907,-15.3382047955011,0,1.29983306841003,0.1,4664.18540591119,79.6077804365902,38.3573042117661,0,0,0,0,0,0,-0.9635135179872918,0.26765967319667855
9.88945084465116,-15.1060777179781,0,1.29988570007858,0.1,4492.46671736629,79.8486959888302,38.1163886595261,0,0,0,0,0,0,-0.9635276040279783,0.2676089615018589
9.95378047550777,-14.8744341756912,0,1.299940216979,0.1,4328.8998944791,80.089106121914,37.8759785264423,0,0,0,0,0,0,-0.9635421918072302,0.26755643256576495
10.0179525479343,-14.6433082548563,0,1.29999665568576,0.1,4172.83261194022,80.3289753491219,37.6361092992344,0,0,0,0,0,0,-0.9635572908116627,0.267502051064452
10.081957180216,-14.4127340416889,0,1.30005505481657,0.1,4023.68482403452,80.5682681838062,37.3968164645501,0,0,0,0,0,0,-0.9635729110558399,0.2674457797000628
10.1457844906384,-14.1827456224049,0,1.30011545511376,0.1,3880.93913485715,80.8069491393944,37.1581355089619,0,0,0,0,0,0,-0.9635890631027548,0.26738757912205885
10.2094245974867,-13.9533770832201,0,1.30017789953173,0.1,3744.13273259714,81.0449827293927,36.9201019189636,0,0,0,0,0,0,-0.9636057580858306,0.26732740784257736
10.2728676190465,-13.7246625103501,0,1.30024243333058,0.1,3612.85046757664,81.2823334673897,36.6827511809666,0,0,0,0,0,0,-0.9636230077324618,0.26726522214580006
10.336103673603,-13.4966359900107,0,1.30030910417656,0.1,3486.71900580921,81.5189658670605,36.4461187812958,0,0,0,0,0,0,-0.9636408243892571,0.2672009759907191
10.3991228794415,-13.2693316084176,0,1.3003779622497,0.1,3365.40178495135,81.7548444421705,36.2102402061857,0,0,0,0,0,0,-0.9636592210490706,0.2671346209069471
10.4619153548476,-13.0427834517866,0,1.30044906035905,0.1,3248.59469590501,81.9899337065799,35.9751509417764,0,0,0,0,0,0,-0.9636782113799227,0.26706610588315577
10.5244712181066,-12.8170256063334,0,1.30052245406626,0.1,3136.02234489985,82.2241981742478,35.7408864741085,0,0,0,0,0,0,-0.9636978097559941,0.26699537724743444
10.5867805875037,-12.5920921582738,0,1.3005982018178,0.1,3027.43481660791,82.4576023592374,35.5074822891189,0,0,0,0,0,0,-0.9637180312907577,0.26692237853927875
10.6488335813245,-12.3680171938235,0,1.30067636508676,0.1,2922.60487546641,82.6901107757206,35.2749738726357,0,0,0,0,0,0,-0.9637388918724857,0.2668470503722932
10.7106203178542,-12.1448347991982,0,1.30075700852471,0.1,2821.32549577622,82.9216879379834,35.0433967103729,0,0,0,0,0,0,-0.9637604082022388,0.2667693302871491
10.7721309153783,-11.9225790606137,0,1.30084020012445,0.1,2723.40773702386,83.1522983604311,34.8127862879252,0,0,0,0,0,0,-0.9637825978345445,0.266689152593983
10.8333554921821,-11.7012840642857,0,1.30092601139456,0.1,2628.6788464155,83.3819065575944,34.5831780907618,0,0,0,0,0,0,-0.9638054792209828,0.26660644820336166
10.894284166551,-11.48098389643,0,1.3010145175465,0.1,2536.98061484362,83.6104770441355,34.3546076042208,0,0,0,0,0,0,-0.9638290717568573,0.2665211444450792
10.9549070567703,-11.2617126432622,0,1.30110579769547,0.1,2448.16791090027,83.8379743348541,34.1271103135022,0,0,0,0,0,0,-0.9638533958312486,0.26643316487361385
11.0152142811255,-11.0435043909982,0,1.30119993507585,0.1,2362.10739258462,84.0643629446946,33.9007217036617,0,0,0,0,0,0,-0.9638784728806388,0.26634242905944905
11.0751959579018,-10.8263932258537,0,1.30129701727274,0.1,2278.67635883844,84.2896073887533,33.675477259603,0,0,0,0,0,0,-0.9639043254464816,0.2662488523647814
11.1348422053848,-10.6104132340445,0,1.30139713647062,0.1,2197.76173530834,84.5136721822857,33.4514124660705,0,0,0,0,0,0,-0.9639309772369543,0.2661523457026261
11.1941431418596,-10.3955985017861,0,1.3015003897208,0.1,2119.25916367195,84.7365218407149,33.2285628076413,0,0,0,0,0,0,-0.9639584531932957,0.266052815277698
11.2530888856119,-10.1819831152945,0,1.30160687922909,0.1,2043.07219295283,84.9581208796399,33.0069637687164,0,0,0,0,0,0,-0.9639867795610684,0.2659501623076779
11.3116695549267,-9.96960116078535,0,1.30171671266554,0.1,1969.11155669374,85.1784338148446,32.7866508335117,0,0,0,0,0,0,-0.9640159839667891,0.26584428272306976
11.3698752680897,-9.75848672447436,0,1.30183000349813,0.1,1897.29451656767,85.3974251623077,32.5676594860485,0,0,0,0,0,0,-0.9640460955003713,0.26573506684381887
11.4276961433861,-9.5486738925773,0,1.30194687135259,0.1,1827.54428623032,85.6150594382127,32.3500252101435,0,0,0,0,0,0,-0.9640771448039007,0.2656223990305764
11.4851222991013,-9.34019675130991,0,1.30206744240059,0.1,1759.78949712725,85.8313011589589,32.1337834893974,0,0,0,0,0,0,-0.9641091641672698,0.26550615730842947
11.5421438535206,-9.13308938688792,0,1.30219184977901,0.1,1693.96373082042,86.0461148411726,31.9189698071836,0,0,0,0,0,0,-0.9641421876313165,0.2653862129604688
11.5987509249296,-8.92738588552709,0,1.30232023404313,0.1,1630.00508348663,86.25946500172,31.7056196466362,0,0,0,0,0,0,-0.9641762510991353,0.2652624300884261
11.6549336316134,-8.72312033344314,0,1.30245274365687,0.1,1567.85578225358,86.4713161577199,31.4937684906364,0,0,0,0,0,0,-0.9642113924562954,0.2651346651373448
11.7106820918575,-8.52032681685182,0,1.30258953552369,0.1,1507.46183040464,86.6816328265577,31.2834518217985,0,0,0,0,0,0,-0.9642476517008162,0.265002766380771
11.7659864239473,-8.31903942196887,0,1.30273077556206,0.1,1448.7726887659,86.8903795259009,31.0747051224553,0,0,0,0,0,0,-0.9642850710838166,0.2648665733626626
11.8208367461681,-8.11929223501003,0,1.30287663932981,0.1,1391.74098060941,87.0975207737143,30.8675638746419,0,0,0,0,0,0,-0.9643236952618416,0.26472591629182596
11.8752231768053,-7.92111934219105,0,1.30302731270229,0.1,1336.32223202895,87.3030210882778,30.6620635600784,0,0,0,0,0,0,-0.9643635714620187,0.26458061538408273
11.9291358341444,-7.72455482972766,0,1.30318299260978,0.1,1282.47462368593,87.5068449882045,30.4582396601517,0,0,0,0,0,0,-0.9644047496613086,0.2644304801468785
11.9825648364705,-7.5296327838356,0,1.30334388784019,0.1,1230.15877233625,87.7089569924604,30.2561276558959,0,0,0,0,0,0,-0.9644472827812501,0.2642753086004504
12.0355003020692,-7.33638729073061,0,1.30351021991385,0.1,1179.33752765236,87.9093216203854,30.0557630279708,0,0,0,0,0,0,-0.9644912268997718,0.2641148864289416
12.0879323492258,-7.14485243662843,0,1.30368222403804,0.1,1129.97578345681,88.1079033917164,29.8571812566398,0,0,0,0,0,0,-0.9645366414818353,0.2639489860540131
12.1398510962256,-6.95506230774482,0,1.30386015014972,0.1,1082.04031082087,88.3046668266115,29.6604178217448,0,0,0,0,0,0,-0.9645835896308516,0.2637773656227177
12.1912466613541,-6.7670509902955,0,1.30404426405633,0.1,1035.49959677438,88.4995764456761,29.4655082026802,0,0,0,0,0,0,-0.9646321383631435,0.2635997679000289
12.2421091628965,-6.58085257049621,0,1.30423484868514,0.1,990.323702138516,88.6925967699917,29.2724878783646,0,0,0,0,0,0,-0.9646823589078334,0.2634159190558122
12.2924287191384,-6.3965011345627,0,1.30443220545373,0.1,946.484127153324,88.8836923211464,29.0813923272098,0,0,0,0,0,0,-0.9647343270350346,0.26322552733399357
12.342195448365,-6.21403076871071,0,1.3046366557753,0.1,903.953688350745,89.072827621268,28.8922570270883,0,0,0,0,0,0,-0.964788123415453,0.263028281590571
12.3913994688617,-6.03347555915598,0,1.30484854271443,0.1,862.706403849335,89.2599671930597,28.7051174552965,0,0,0,0,0,0,-0.9648438340149269,0.2628238496852524
12.440030898914,-5.85486959211425,0,1.30506823281131,0.1,822.717389293607,89.4450755598394,28.5200090885169,0,0,0,0,0,0,-0.9649015505279769,0.26261187670915803
12.4880798568071,-5.67824695380125,0,1.30529611809447,0.1,783.962758947532,89.6281172455813,28.3369674027749,0,0,0,0,0,0,-0.9649613708548541,0.26239198302905664
12.5355364608264,-5.50364173043274,0,1.30553261830537,0.1,746.419535323619,89.8090567749623,28.1560278733939,0,0,0,0,0,0,-0.9650233996273221,0.2621637621253666
12.5823908292573,-5.33108800822445,0,1.30577818336099,0.1,710.0655651408,89.9878586734114,27.9772259749448,0,0,0,0,0,0,-0.9650877487889877,0.26192677819841875
12.6286330803853,-5.16061987339212,0,1.30603329608489,0.1,674.879440932636,90.1644874671643,27.800597181192,0,0,0,0,0,0,-0.9651545382369491,0.2616805635132684
12.6742533324955,-4.9922714121515,0,1.30629847524125,0.1,640.840427591071,90.3389076833225,27.6261769650337,0,0,0,0,0,0,-0.965223896532378,0.26142461544937456
12.7192417038736,-4.82607671071831,0,1.30657427891207,0.1,607.928395151377,90.5110838499186,27.4540007984377,0,0,0,0,0,0,-0.9652959616888838,0.2611583932159429
12.7635883128047,-4.66206985530831,0,1.30686130826324,0.1,576.123754606589,90.6809804959866,27.2841041523696,0,0,0,0,0,0,-0.9653708820486487,0.26088131418829885
12.8072832775742,-4.50028493213724,0,1.30716021175314,0.1,545.407399238384,90.8485621516405,27.1165224967158,0,0,0,0,0,0,-0.9654488172580401,0.26059274981290526
12.8503167164676,-4.34075602742083,0,1.30747168984528,0.1,515.760648721874,91.0137933481592,26.9512913001971,0,0,0,0,0,0,-0.965529939356018,0.26029202102093735
12.8926787477703,-4.18351722737482,0,1.30779650029689,0.1,487.165197209754,91.1766386180813,26.788446030275,0,0,0,0,0,0,-0.9656144339908427,0.2599783930801645
12.9343594897675,-4.02860261821497,0,1.30813546410734,0.1,459.603065285098,91.3370624953084,26.6280221530478,0,0,0,0,0,0,-0.9657025017830664,0.2596510698031624
12.9753490607446,-3.87604628615699,0,1.30848947222424,0.1,433.056553495777,91.4950295152204,26.4700551331359,0,0,0,0,0,0,-0.965794359855657,0.25930918701619843
13.0156375789871,-3.72588231741665,0,1.30885949312235,0.1,407.508200116723,91.6505042148021,26.3145804335541,0,0,0,0,0,0,-0.9658902435556442,0.25895180517621097
13.0552151627803,-3.57814479820968,0,1.30924658139068,0.1,382.940740615097,91.8034511327846,26.1616335155717,0,0,0,0,0,0,-0.9659904083957821,0.2585779010034503
13.0940719304096,-3.43286781475182,0,1.30965188748765,0.1,359.337069771729,91.9538348098018,26.0112498385545,0,0,0,0,0,0,-0.9660951322496454,0.2581863579733447
13.1321980001603,-3.2900854532588,0,1.31007666885409,0.1,336.680205917948,92.1016197885654,25.8634648597909,0,0,0,0,0,0,-0.9662047178395637,0.25777595548182736
13.1695834903178,-3.14983179994637,0,1.3105223026095,0.1,314.953257410163,92.2467706140601,25.7183140342961,0,0,0,0,0,0,-0.9663194955638302,0.25734535646338125
13.2062185191675,-3.01214094103028,0,1.31099030010133,0.1,294.139390803087,92.3892518337625,25.5758328145938,0,0,0,0,0,0,-0.9664398267183484,0.2568930931975571
13.2420932049948,-2.87704696272626,0,1.31148232363034,0.1,274.221800710837,92.5290279978864,25.4360566504698,0,0,0,0,0,0,-0.966566107178211,0.2564175509873672
13.277197666085,-2.74458395125005,0,1.31200020574156,0.1,255.183681663832,92.6660636596602,25.299020988696,0,0,0,0,0,0,-0.9666987716175132,0.2559169493276894
13.3115220207235,-2.61478599281739,0,1.3125459715517,0.1,237.008201007083,92.8003233756387,25.1647612727175,0,0,0,0,0,0,-0.9668382983611589,0.2553893201018764
13.3450563871956,-2.48768717364403,0,1.3131218646858,0.1,219.678473658691,92.9317717060578,25.0333129422985,0,0,0,0,0,0,-0.966985214981639,0.2548324822445391
13.3777908837868,-2.36332157994571,0,1.31373037752211,0.1,203.177537912356,93.0603732152364,24.9047114331199,0,0,0,0,0,0,-0.9671401047771804,0.25424401218432774
13.4097156287825,-2.24172329793816,0,1.31437428660403,0.1,187.488332495707,93.1860924720359,24.7789921763203,0,0,0,0,0,0,-0.9673036142970577,0.2536212092232215
13.4408207404679,-2.12292641383712,0,1.31505669427858,0.1,172.593674923092,93.3088940503852,24.656190597971,0,0,0,0,0,0,-0.9674764621161493,0.2529610548112477
13.4710963371285,-2.00696501385835,0,1.3157810778772,0.1,158.476240766647,93.4287425298841,24.5363421184722,0,0,0,0,0,0,-0.967659449106595,0.25226016442300436
13.5005325370496,-1.89387318421757,0,1.31655134808178,0.1,145.118544025009,93.5456024964992,24.419482151857,0,0,0,0,0,0,-0.9678534705118444,0.25151473041986677
13.5291194585166,-1.7836850111305,0,1.3173719185412,0.1,10.597882571565,93.6594385433703,24.305646104986,0,0,0,0,0,0,-0.9680595302013595,0.2507204538651027
13.5822911536753,-1.56433809344261,0,1.34877299993064,0.1,7.05765831768472,93.8851381212725,24.0799465270838,0,0,0,0,0,0,-0.975453902183937,0.22020373455990747
13.6276677205796,-1.34732222566963,0,1.3807605538479,0.1,6.81293613537573,94.1068472092442,23.858237439112,0,0,0,0,0,0,-0.9819974784496946,0.1888940240411047
13.6653681485554,-1.13266305134418,0,1.41329934218713,0.1,6.59114447950911,94.3247918889032,23.640292759453,0,0,0,0,0,0,-0.9876229663523234,0.1568466650376649
13.6955114269288,-0.920386213998862,0,1.44634931448056,0.1,6.39133398805862,94.5391982155459,23.4258864328103,0,0,0,0,0,0,-0.992266459113363,0.12412604125899135
13.7182165450256,-0.710517357166306,0,1.47986577121813,0.1,6.21260403751549,94.7502917006562,23.2147929477001,0,0,0,0,0,0,-0.9958686648243998,0.09080529951972627
13.7336024921718,-0.503082124379121,0,1.51379963344338,0.1,6.05410229003105,94.9582967562944,23.0067878920618,0,0,0,0,0,0,-0.9983761281572046,0.05696583823511395
13.7417882576934,-0.298106159169924,0,1.54809782016254,0.1,5.91502391208509,95.1634361066654,22.8016485416909,0,0,0,0,0,0,-0.9997423999587204,0.022696557553467854
13.7428928309164,-0.095615105071329,0,1.58270373067081,0.1,5.7946104404349,95.3659301734228,22.5991544749335,0,0,0,0,0,0,-0.9999291077041034,-0.011907122493517247
13.7370352011666,0.104365394384048,0,1.61755782416277,0.1,5.69214827637967,95.5659964424156,22.3990882059406,0,0,0,0,0,0,-0.9989068803917763,-0.04674445748930462
13.7243343577701,0.301809695663591,0,1.65259828426691,0.1,5.6069667954525,95.7638488205432,22.201235827813,0,0,0,0,0,0,-0.9966560851682121,-0.08171075753640727
13.7049092900528,0.496692155234685,0,1.68776175177731,0.1,5.53843606742245,95.9596969921055,22.0053876562507,0,0,0,0,0,0,-0.9931673397619604,-0.11669890843598678
13.6788789873407,0.688987129564715,0,1.72298410519887,0.1,5.48596418908917,96.1537457844539,21.8113388639023,0,0,0,0,0,0,-0.9884417743645776,-0.15160098512544537
13.6463624389597,0.878668975121065,0,1.7582012660829,0.1,5.44899424140172,96.3461945528373,21.6188900955189,0,0,0,0,0,0,-0.9824910282922581,-0.1863099013075292
13.6074786342358,1.06571204837112,0,1.79335000474087,0.1,5.42700089050219,96.5372365940759,21.4278480542803,0,0,0,0,0,0,-0.9753369797165266,-0.2207210365992421
13.5623465624948,1.25009070578227,0,1.82836872190764,0.1,5.41948666145125,96.7270585980912,21.238026050265,0,0,0,0,0,0,-0.9670112199307626,-0.25473378364091886
13.5110852130629,1.43177930382189,0,1.86319818328543,0.1,5.42597792108171,96.915840145397,21.0492445029592,0,0,0,0,0,0,-0.9575542959529968,-0.2882529623472422
13.453813575266,1.61075219895736,0,1.89778218651214,0.1,5.44602061380718,97.1037532574705,20.8613313908858,0,0,0,0,0,0,-0.9470147557809183,-0.32119005640462733
13.3906506384299,1.78698374765609,0,1.93206814373536,0.1,5.47917580038001,97.2909620055206,20.6741226428356,0,0,0,0,0,0,-0.9354480385461176,-0.3534642374841072
13.3217153918807,1.96044830638544,0,1.96600756732779,0.1,5.52501505500513,97.4776221816482,20.4874624667081,0,0,0,0,0,0,-0.9229152566836203,-0.385003154507346
13.2471268249443,2.1311202316128,0,1.99955645100276,0.1,5.58311577964168,97.6638810348027,20.3012036135535,0,0,0,0,0,0,-0.9094819188860472,-0.41574347766303377
13.1670039269467,2.29897387980556,0,2.03267554332996,0.1,5.65305649747096,97.8498770723819,20.1152075759744,0,0,0,0,0,0,-0.8952166412092647,-0.44563119875296286
13.0814656872138,2.4639836074311,0,2.06533051509442,0.1,5.73441218825949,98.0357399268409,19.9293447215153,0,0,0,0,0,0,-0.8801898896614196,-0.47462170002836784
12.9906310950715,2.62612377095681,0,2.09749202583134,0.1,5.82674972909246,98.2215902853495,19.7434943630067,0,0,0,0,0,0,-0.8644727915473002,-0.5026796123520608
12.894619139846,2.78536872685007,0,2.1291356980285,0.1,5.92962350294895,98.4075398793896,19.5575447689666,0,0,0,0,0,0,-0.8481360454562535,-0.5297784899350179
12.793548810863,2.94169283157827,0,2.16024200982145,0.1,6.04257123605173,98.5936915302547,19.3713931181015,0,0,0,0,0,0,-0.8312489517822854,-0.555900332938245
12.6875390974486,3.09507044160879,0,2.19079611849859,0.1,6.16511012230179,98.7801392457057,19.1849454026505,0,0,0,0,0,0,-0.8138785776899944,-0.5810349910094157
12.5767089889287,3.24547591340901,0,2.22078762783166,0.1,6.29673329074979,98.9669683625531,18.9981162858031,0,0,0,0,0,0,-0.7960890630132299,-0.605179480609445
12.4611774746292,3.39288360344632,0,2.25021031224928,0.1,6.43690666801816,99.1542557296617,18.8108289186946,0,0,0,0,0,0,-0.7779410670737902,-0.6283372471532248
12.3410635438762,3.53726786818811,0,2.27906181030368,0.1,6.58506628438422,99.3420699257864,18.6230147225699,0,0,0,0,0,0,-0.7594913510653968,-0.650517399964719
12.2164861859956,3.67860306410175,0,2.3073432988838,0.1,6.74061606747978,99.5304715067258,18.4346131416305,0,0,0,0,0,0,-0.7407924865573321,-0.6717339442518927
12.0875643903133,3.81686354765464,0,2.33505915833989,0.1,6.90292616376148,99.7195132764864,18.2455713718698,0,0,0,0,0,0,-0.7218926778138062,-0.6920050301253685
11.9544171461553,3.95202367531416,0,2.36221663723225,0.1,7.07133182263852,99.9092405774628,18.0558440708934,0,0,0,0,0,0,-0.7028356838973948,-0.7113522344383838
11.8171634428475,4.08405780354769,0,2.38882552390754,0.1,7.24513287317591,100.099691595024,17.8653930533322,0,0,0,0,0,0,-0.6836608257721375,-0.7297998871639807
11.675922269716,4.21294028882262,0,2.41489783062591,0.1,7.42359381767457,100.290897672329,17.6741869760276,0,0,0,0,0,0,-0.6644030636616935,-0.7473744503239027
11.5308126160866,4.33864548760633,0,2.44044749457467,0.1,7.60594456041178,100.482883631653,17.4822010167033,0,0,0,0,0,0,-0.6450931305621701,-0.7641039542506628
11.3819534712853,4.46114775636621,0,2.46549009885107,0.1,7.79138178343573,100.675668098979,17.289416549377,0,0,0,0,0,0,-0.6257577088808571,-0.7800174932501068
11.2294638246381,4.58042145156964,0,2.49004261540296,0.1,7.97907097417115,100.869263829051,17.0958208193051,0,0,0,0,0,0,-0.6064196385137418,-0.7951447805430548
11.073462665471,4.696440929684,0,2.51412317099002,0.1,8.16814910172673,101.063678028541,16.9014066198149,0,0,0,0,0,0,-0.5870981461562482,-0.8095157606741802
10.9140689831098,4.80918054717669,0,2.53775083646952,0.1,8.35772793141939,101.258912675387,16.7061719729689,0,0,0,0,0,0,-0.5678090871587017,-0.8231602763374833
10.7514017668806,4.91861466051508,0,2.56094543910766,0.1,8.54689795766314,101.454964832728,16.5101198156283,0,0,0,0,0,0,-0.548565192714933,-0.8361077857200162
10.5855800061093,5.02471762616656,0,2.58372739715752,0.1,8.7347329269185,101.651826956219,16.3132576921374,0,0,0,0,0,0,-0.5293763165543036,-0.8483871259462851
10.4167226901218,5.12746380059852,0,2.60611757560831,0.1,8.92029491273219,101.849487193806,16.1155974545506,0,0,0,0,0,0,-0.5102496765619233,-0.860026317951057
10.2449488082442,5.22682754027834,0,2.62813716178044,0.1,9.10263989576647,102.047929677308,15.9171549710485,0,0,0,0,0,0,-0.4911900878604901,-0.8710524080602751
10.0703773498023,5.32278320167339,0,2.64980755929794,0.1,9.28082379232736,102.247134805395,15.7179498429612,0,0,0,0,0,0,-0.47220018484508036,-0.8814913416660834
9.89312730412215,5.41530514125108,0,2.67115029889767,0.1,9.45390886499208,102.447079517745,15.5180051306109,0,0,0,0,0,0,-0.45328063047197087,-0.891367864598524
9.7133176605297,5.50436771547879,0,2.69218696451701,0.1,9.62097044208122,102.647737560338,15.3173470880187,0,0,0,0,0,0,-0.4344303117743218,-0.9007054480859242
9.53106740835088,5.58994528082388,0,2.71293913312597,0.1,9.78110386200478,102.849079741983,15.1160049063736,0,0,0,0,0,0,-0.41564652112319866,-0.9095262335294031
9.34649553691166,5.67201219375377,0,2.73342832682397,0.1,9.93343155455649,103.051074182313,14.9140104660431,0,0,0,0,0,0,-0.39692512318698703,-0.9178509936710834
9.15972103553799,5.75054281073581,0,2.75367597579593,0.1,10.0771101632649,103.253686551548,14.7113980968083,0,0,0,0,0,0,-0.37826070788140365,-0.9256991070931523
8.97086289355584,5.82551148823742,0,2.7737033908101,0.1,10.2113376096255,103.456880302434,14.5082043459218,0,0,0,0,0,0,-0.35964672985997787,-0.933088543333924
8.78004010029115,5.89689258272595,0,2.79353174403393,0.1,10.3353599978613,103.660616894827,14.3044677535293,0,0,0,0,0,0,-0.34107563528602164,-0.9400358562385994
8.58737164506989,5.96466045066881,0,2.81318205704037,0.1,10.448478256904,103.864856013418,14.1002286349382,0,0,0,0,0,0,-0.3225389767635548,-0.9465561834715989
8.39297651721801,6.02878944853337,0,2.83267519497101,0.1,10.5500544197161,104.069555779172,13.8955288691844,0,0,0,0,0,0,-0.30402751739822304,-0.9526632504010393
8.19697370606147,6.08925393278702,0,2.85203186591208,0.1,10.6395174412076,104.274672955043,13.6904116933133,0,0,0,0,0,0,-0.28553132501932726,-0.958369376823314
7.99948220092622,6.14602825989715,0,2.87127262462244,0.1,10.7163684636703,104.480163146584,13.4849215017727,0,0,0,0,0,0,-0.2670398576291734,-0.9636854852270998
7.80062099113822,6.19908678633114,0,2.8904178798281,0.1,10.780185445226,104.685980998058,13.279103650298,0,0,0,0,0,0,-0.2485420411628465,-0.968621109502888
7.60050906602343,6.24840386855637,0,2.90948790436436,0.1,10.8306270761055,104.892080384696,13.0730042636604,0,0,0,0,0,0,-0.23002634064630448,-0.97318440318825
7.3992654149078,6.29395386304023,0,2.92850284750436,0.1,10.867435920706,105.098414601712,12.8666700466439,0,0,0,0,0,0,-0.21148082583753144,-0.977382146503135
7.19700902711729,6.3357111262501,0,2.94748274886057,0.1,10.890440733432,105.304936550746,12.6601480976098,0,0,0,0,0,0,-0.19289323242899276,-0.9812197515761159
6.99385889197786,6.37365001465337,0,2.9664475532849,0.1,10.8995579135272,105.511598924343,12.4534857240135,0,0,0,0,0,0,-0.17425101988128103,-0.9847012653949082
6.78993399881546,6.40774488471743,0,2.98541712622141,0.1,10.8947920763855,105.718354389122,12.2467302592345,0,0,0,0,0,0,-0.15554142695217138,-0.987829370135188
6.58535333695606,6.43797009290965,0,3.00441126898629,0.1,10.8762357361248,105.925155768269,12.0399288800875,0,0,0,0,0,0,-0.13675152598082124,-0.9906053806344466
6.3802358957256,6.46429999569742,0,3.02344973345972,0.1,10.8440681084652,106.131956223969,11.8331284243875,0,0,0,0,0,0,-0.11786827698792465,-0.9930292388846855
6.17470066445004,6.48670894954813,0,3.04255223567664,0.1,10.7985530589335,106.338709440408,11.6263752079478,0,0,0,0,0,0,-0.09887858265682636,-0.9950995055228282
5.96886663245534,6.50517131092916,0,3.06173846779632,0.1,10.7400362353314,106.545369807956,11.4197148404,0,0,0,0,0,0,-0.0797693452702543,-0.9968133484033783
5.76285278906745,6.5196614363079,0,3.08102810791609,0.1,10.6689414372425,106.751892609121,11.2131920392353,0,0,0,0,0,0,-0.06052752669020066,-0.9981665284474165
5.55677812361234,6.53015368215172,0,3.10044082717164,0.1,10.5857662868678,106.958234206879,11.0068504414774,0,0,0,0,0,0,-0.04114021248501898,-0.9991533830782376
5.35076162541596,6.53662240492802,0,3.1199962935362,0.1,10.4910772765375,107.164352235939,10.8007324124177,0,0,0,0,0,0,-0.021594681325725715,-0.9997668076798911
5.14492228380427,6.53904196110418,0,3.13971417169473,0.1,10.3855042762106,107.370205797499,10.594878850857,0,0,0,0,0,0,-0.0018784807902986244,-0.9999982356534037
4.93937908810321,6.53738670714759,0,-3.12357118885354,0.1,10.2697345909648,107.575755658031,10.3893289903251,0,0,0,0,0,0,0.018020489270658076,-0.9998376177992335
4.73425102763876,6.53163099952562,0,-3.10346953510027,0.1,10.1445066634726,107.78096445258,10.1841201957764,0,0,0,0,0,0,0.03811388464736044,-0.9992734019261634
4.52965709173686,6.52174919470567,0,-3.08314656969968,0.1,10.0106035182162,107.985796893063,9.97928775529314,0,0,0,0,0,0,0.05841281480759039,-0.9982925137785288
4.32571626972347,6.50771564915512,0,-3.06258274523171,0.1,9.86884604510769,108.190219981985,9.77486466637162,0,0,0,0,0,0,0.07892772992291489,-0.9968803405871817
4.12254755092455,6.48950471934134,0,-3.04175860211942,0.1,9.7200862189897,108.394203231942,9.57088141641449,0,0,0,0,0,0,0.09966829579473382,-0.9950207187859826
3.92026992466606,6.46709076173174,0,-3.02065480804017,0.1,9.5652003475621,108.597718891242,9.36736575711404,0,0,0,0,0,0,0.12064325566650227,-0.9926959276949749
3.71900238027394,6.44044813279369,0,-2.99925220696893,0.1,9.40508243662246,108.800742175873,9.16434247248303,0,0,0,0,0,0,0.14186027802388218,-0.9898866912525831
3.51886390707417,6.40955118899457,0,-2.97753187884259,0.1,9.24063775494428,109.003251507981,8.96183314037494,0,0,0,0,0,0,0.16332578965042543,-0.9865721901792412
3.31997349439269,6.37437428680177,0,-2.95547521084829,0.1,9.07277667427141,109.20522876092,8.75985588743667,0,0,0,0,0,0,0.18504479343307378,-0.9827300872687836
3.12245013155545,6.33489178268269,0,-2.93306398133024,0.1,8.90240885212229,109.406659510802,8.55842513755463,0,0,0,0,0,0,0.20702067071193597,-0.9783365688238277
2.92641280788844,6.29107803310469,0,-2.91028045727131,0.1,8.73043781707911,109.607533294364,8.35755135399238,0,0,0,0,0,0,0.22925496835492482,-0.9733664055660552
2.73198051271758,6.24290739453516,0,-2.88710750623008,0.1,8.55775600675715,109.807843872781,8.15724077557576,0,0,0,0,0,0,0.25174717122194107,-0.9677930366466534
2.53927223536884,6.1903542234415,0,-2.86352872349128,0.1,8.38524030090122,110.007589500895,7.95749514746161,0,0,0,0,0,0,0.27449446127776417,-0.9615886806362843
2.34840696516819,6.13339287629108,0,-2.83952857500896,0.1,8.21374808244008,110.206773201126,7.75831144722998,0,0,0,0,0,0,0.2974914653259194,-0.9547244775631539
2.15950369144156,6.07199770955129,0,-2.81509255647644,0.1,8.04411385146798,110.405403041089,7.5596816072672,0,0,0,0,0,0,0.32072999417417397,-0.9471706661616133
1.97268140351492,6.00614307968952,0,-2.79020736853594,0.1,7.87714640858306,110.603492413697,7.36159223465883,0,0,0,0,0,0,0.34419877700544377,-0.9388968004567684
1.78805909071424,5.93580334317314,0,-2.76486110773433,0.1,7.71362661677257,110.80106031827,7.16402433008659,0,0,0,0,0,0,0.36788319580874795,-0.9298720096021508
1.60575574236545,5.86095285646954,0,-2.7390434723337,0.1,7.55430574339425,110.998131640838,6.96695300751797,0,0,0,0,0,0,0.3917650259045193,-0.9200653044637817
1.42589034779453,5.78156597604612,0,-2.71274598149126,0.1,7.39990437779941,111.194737431566,6.77034721679064,0,0,0,0,0,0,0.4158221898475467,-0.9094459337587864
1.24858189632742,5.69761705837024,0,-2.68596220563445,0.1,7.25111191364454,111.390915176839,6.57416947151709,0,0,0,0,0,0,0.4400285332615597,-0.8979837915662401
1.07394937729008,5.60908045990931,0,-2.65868800508016,0.1,7.10858657975164,111.586709063292,6.37837558506412,0,0,0,0,0,0,0.464353632388986,-0.8856498766934676
0.902111780008478,5.51593053713069,0,-2.63092177309643,0.1,6.97295599849136,111.782170230671,6.18291441768508,0,0,0,0,0,0,0.4887626442452973,-0.8724168026753869
0.733188093808557,5.41814164650178,0,-2.6026646787053,0.1,6.84481824600752,111.977357010167,5.98772763818964,0,0,0,0,0,0,0.5132162111487788,-0.8582593550984994
0.56729730801628,5.31568814448996,0,-2.57392090361101,0.1,6.72474338487646,112.172335144544,5.7927495038123,0,0,0,0,0,0,0.5376704319375464,-0.8431550904905292
0.404558411957602,5.20854438756261,0,-2.54469786675477,0.1,6.61327543600813,112.367177986185,5.59790666217089,0,0,0,0,0,0,0.562076912259079,-0.8270849682501186
0.24509039495848,5.09668473218713,0,-2.51500642920313,0.1,6.51093475347554,112.561966668984,5.40311797937244,0,0,0,0,0,0,0.586382905794112,-0.8100340040964044
0.0890122463448697,4.98008353483089,0,-2.48486107143796,0.1,6.41822076300761,112.756790249948,5.20829439840863,0,0,0,0,0,0,0.6105315570367943,-0.7919919304274682
-0.0635570445572711,4.85871515196128,0,-2.4542800347066,0.1,6.33561502226986,112.95174581639,5.01333883196652,0,0,0,0,0,0,0.6344622541997381,-0.7729538459673947
-0.212498488421987,4.73255394004568,0,-2.42328541798487,0.1,6.26358455879653,113.146938554709,4.81814609364739,0,0,0,0,0,0,0.6581110978918387,-0.7529208343721129
-0.357693095923323,4.60157425555148,0,-2.39190322237594,0.1,6.20258543952368,113.342481777035,4.62260287132131,0,0,0,0,0,0,0.6814114874301024,-0.7319005293059265
-0.499021877735319,4.46575045494607,0,-2.36016333547162,0.1,6.15306652419751,113.538496902419,4.42658774593717,0,0,0,0,0,0,0.704294822072443,-0.7099076021581582
-0.63636584453202,4.32505689469682,0,-2.32809944937831,0.1,6.11547335395355,113.735113389803,4.22997125855358,0,0,0,0,0,0,0.7266913092577313,-0.6869641482998108
-0.769606006987469,4.17946793127113,0,-2.295748907766,0.1,6.09025212563718,113.9324686207,4.03261602765628,0,0,0,0,0,0,0.7485308663633469,-0.6630999488020922
-0.898623375775711,4.02895792113637,0,-2.26315247940695,0.1,6.07785370242693,114.130707730363,3.83437691799372,0,0,0,0,0,0,0.7697440968723706,-0.6383525870004277
-1.02329896157079,3.87350122075993,0,-2.23035405816288,0.1,6.07873761209415,114.329983387143,3.63510126121328,0,0,0,0,0,0,0.7902633165780654,-0.6127674032379957
-1.14351377504674,3.71307218660921,0,-2.19740029214501,0.1,6.0933759854027,114.530455520812,3.4346291275448,0,0,0,0,0,0,0.8100236009712296,-0.5863972764854917
-1.25914882687762,3.54764517515156,0,-2.16434014766235,0.1,6.12225738956524,114.732291001666,3.23279364669037,0,0,0,0,0,0,0.8289638216762861,-0.5593022280948347
-1.37008512773747,3.3771945428544,0,-2.13122441641605,0.1,6.16589051447265,114.935663273372,3.0294213749841,0,0,0,0,0,0,0.8470276380878404,-0.5315488503565166
-1.47620368830032,3.2016946461851,0,-2.09810517700043,0.1,6.2248076732725,115.140751943529,2.82433270482686,0,0,0,0,0,0,0.8641644104734706,-0.50320957032934
-1.57738551924023,3.02111984161104,0,-2.06503522395094,0.1,6.29956808333942,115.347742336928,2.61734231142825,0,0,0,0,0,0,0.8803300028690079,-0.4743617670603868
-1.67351163123123,2.83544448559961,0,-2.03206747917086,0.1,6.39076089881899,115.556825017312,2.40825963104444,0,0,0,0,0,0,0.8954874480531045,-0.44508676724807084
-1.76446303494737,2.6446429346182,0,-1.99925440144995,0.1,6.49900797153707,115.76819528413,2.19688936422611,0,0,0,0,0,0,0.9096074525278439,-0.41546875009536666
-1.8501207410627,2.44868954513418,0,-1.96664740988883,0.1,6.62496632303394,115.98205265124,1.98303199711613,0,0,0,0,0,0,0.9226687263759846,-0.38559359611865757
-1.93036576025125,2.24755867361495,0,-1.93429633635566,0.1,6.76933031659151,116.198600314776,1.76648433358069,0,0,0,0,0,0,0.9346581306172627,-0.3555477167287732
-2.00507910318707,2.04122467652788,0,-1.90224892067976,0.1,6.93283352413906,116.418044617428,1.54704003092835,0,0,0,0,0,0,0.945570642684229,-0.32541690136459456
-2.07414178054421,1.82966191034037,0,-1.87055036024311,0.1,7.11625028875213,116.640594516194,1.3244901321626,0,0,0,0,0,0,0.9554091483123778,-0.29528521690226384
-2.1374348029967,1.61284473151979,0,-1.83924292311757,0.1,7.33432502531097,116.866461060248,1.09862358810863,0,0,0,0,0,0,0.9641840749741588,-0.2652339902166118
-2.19122601653295,1.40567275516214,0,-1.81253501045734,0.1,13.8004252149832,117.080502463816,0.884582184539973,0,0,0,0,0,0,0.9709232172000525,-0.23939111575390543
-2.21940566608355,1.29152018643627,0,-1.8130912329958,0.1,220.512534117151,117.19808180552,0.76700284283613,0,0,0,0,0,0,0.9707899122790153,-0.23993112807074807
-2.24836515044886,1.17448025035042,0,-1.81361568726342,0.1,239.48462259721,117.318651280818,0.646433367537927,0,0,0,0,0,0,0.9706639458717464,-0.24044022996306438
-2.27809524872275,1.05458795914149,0,-1.81411109491106,0.1,259.396790825525,117.44217472084,0.522909927516598,0,0,0,0,0,0,0.9705447108334839,-0.2409210747799972
-2.3085867399991,0.931878325046367,0,-1.81457987685793,0.1,280.256705387607,117.568615953592,0.396468694763931,0,0,0,0,0,0,0.970431664745384,-0.24137602213041498
-2.33983040337177,0.806386360301952,0,-1.81502419374524,0.1,302.070674922292,117.697938804305,0.267145844051623,0,0,0,0,0,0,0.9703243215159952,-0.24180717746693012
-2.37181701793462,0.678147077145137,0,-1.81544598003241,0.1,324.843631560491,117.83010709572,0.134977552635843,0,0,0,0,0,0,0.9702222442552959,-0.24221642543852598
