27,179,172.85211112147334,32.881283425,-117.235531620,110.1
-0.009451950104892958,1.759040081144938,0.0,3.1082879021171563,19.539419835573415,486.3276309343089,0.0,172.85211112147334,0,-0.19481386776645582,-3.8045317673290824,0.07079392729884493,4.16759147137476,0.0,0.0,0.0,0.01
-1.0124020228587198,1.790798830854645,0.0,3.1115912490440563,19.874563779008106,553.9693642593301,1.0034527724910776,171.84865834898227,0,-1.1807896845195573,-3.820176393443128,-0.941669384149528,4.147735671903536,0.0,0.0,0.0,0.01
-2.015377647036459,1.8194092515618163,0.0,3.114613953900187,20.206981277102507,643.7598427118722,2.0068363775334195,170.8452747439399,0,-2.1679813443522566,-3.835669498045368,-1.9531779417536002,4.1243614759428695,0.0,0.0,0.0,0.01
-3.018459058048852,1.8451416332556259,0.0,3.117392931829355,20.53686053411772,768.6491250231296,3.0102477949421758,169.84186332653115,0,-3.156327075373188,-3.850837212358634,-2.9639286559230174,4.098050052332889,0.0,0.0,0.0,0.01
-4.021716258080335,1.8682589061043695,0.0,3.119947676379334,20.86452453355195,954.1311497132754,4.013771296270857,168.8383398252025,0,-4.145842856446996,-3.8655061105498394,-3.97406486113965,4.069414148963943,0.0,0.0,0.0,0.01
-5.025210436327841,1.8890314012606177,0.0,3.1222782211842692,21.190333311144833,1258.2836971828888,5.017480448531437,167.8346306729419,0,-5.1366405713883125,-3.879519086768158,-4.983678627988819,4.039063195917581,0.0,0.0,0.0,0.01
-6.028995252968043,1.9077304847032945,0.0,3.124371684004106,21.514364889099102,1848.266476321464,6.021439418728427,166.83067170274492,0,-6.128896818607154,-3.892854045937187,-5.992829819041011,4.007604047635097,0.0,0.0,0.0,0.01
-7.03311873697996,1.9245665894646333,0.0,3.126229060580538,21.835667296988085,3483.105835563055,7.025704038023443,165.8264070834499,0,-7.122698180569796,-3.905605774164429,-7.001604400715455,3.975639971753049,0.0,0.0,0.0,0.01
-8.037626357406724,1.9395045001793774,0.0,3.127934515294869,22.150652238062037,30327.626932460644,8.03032272223749,164.82178839923586,0,-8.117632469033156,-3.917892381489704,-8.010250161154904,3.943766965851944,0.0,0.0,0.0,0.01
-9.042565919686169,1.9518404230879134,0.0,3.1298038938776704,22.449505406177423,4519.7426201377075,9.035337995170398,163.81677312630293,0,-9.111906576262712,-3.929816853623563,-9.019450318155698,3.9125666789346636,0.0,0.0,0.0,0.01
-10.047983803063243,1.9605646513442516,0.0,3.132292740026191,22.66087598468456,2103.0815509777535,10.040793728842003,162.81131739263134,0,-10.102873833627285,-3.9414738707748165,-10.03010836336561,3.8826173922728984,0.0,0.0,0.0,0.01
-11.053919476222946,1.964783120299487,0.0,3.1357793747703004,22.70925416289767,1370.4859436149377,11.04673824720054,161.8053728742728,0,-11.088321371130895,-3.9529628621285298,-11.042933832608664,3.8545118267204606,0.0,0.0,0.0,0.01
-12.060405974181782,1.963455691017202,0.0,3.1405808867032747,22.55607137667354,1016.575910597225,12.05322562051525,160.79888550095808,0,-12.06640356824513,-3.9643841075995647,-12.058518620898791,3.828858348641417,0.0,0.0,0.0,0.01
-13.067468778004153,1.9551742763638953,0.0,-3.1361505759153108,22.19651050834536,808.090153159796,13.060322474184863,159.79178864728848,0,-13.035191467820672,-3.975831025220124,-13.077542733522439,3.8062790693965822,0.0,0.0,0.0,0.01
-14.075122043213298,1.9380361474171945,0.0,-3.127628554666047,21.661316493264113,670.7115754021199,14.068121471182996,158.78398965029035,0,-13.992373509649077,-3.9873841321266505,-14.10094859039305,3.7874120797496404,0.0,0.0,0.0,0.01
-15.0833617419783,1.9094507850019453,0.0,-3.1164926816768133,21.024441702249387,573.392151357885,15.076766311109395,157.77534481036395,0,-14.935026007795626,-3.99910490818689,-15.13014455671525,3.772918599284551,0.0,0.0,0.0,0.01
-16.09215608683489,1.8668213012619221,0.0,-3.102322192491125,20.397624585447755,500.8640383984551,16.086460969458432,156.7656501520149,0,-15.86121054776631,-4.011052331423684,-16.166677971494,3.7635031885258505,0.0,0.0,0.0,0.01
-17.101432193326985,1.8070345564640038,0.0,-3.084770299037764,19.79755113800579,444.74460736518705,17.097506326497065,155.75460479497627,0,-16.76978299011863,-4.023279730851728,-17.212529560508063,3.76009990651719,0.0,0.0,0.0,0.01
-18.111088198135388,1.7262320947829397,0.0,-3.0633935813185937,19.22293643364733,400.0485938250158,18.110390468864484,154.74172065260885,0,-17.659580877271534,-4.035813357373637,-18.270721508918065,3.763440241592505,0.0,0.0,0.0,0.01
-19.12089230493931,1.6206118163932408,0.0,-3.03796549815796,18.66990328726056,363.6254146948976,19.125703217393323,153.72640790408002,0,-18.53129010849099,-4.048656854615032,-19.344719121082967,3.77279911172322,0.0,0.0,0.0,0.01
-20.131678673655887,1.4861496637747025,0.0,-3.0075116550205943,18.143038578829035,220.87920249952563,20.145393932105414,152.70671718936794,0,-19.383313058176643,-4.061807204993004,-20.44192321072763,3.7861261389666496,0.0,0.0,0.0,0.01
-21.143759057183736,1.3178029949381564,0.0,-2.9726967417801173,17.646719190843527,155.4246636124062,21.17137994742445,151.6807311740489,0,-20.224137348478113,-4.075226951670128,-21.567207254858648,3.801072788680156,0.0,0.0,0.0,0.01
-22.15568580831248,1.1111622445198133,0.0,-2.933574326569728,17.18239054435693,119.92112499297322,22.204189779573348,150.6479213419,0,-21.058094381694985,-4.0889278696364375,-22.72638633299973,3.814986349374237,0.0,0.0,0.0,0.01
-23.165423189934817,0.8622655601352492,0.0,-2.8904137651018362,16.75008230168189,97.64779185232337,23.24415090353095,149.60796021794238,0,-21.89135324011376,-4.10297070387175,-23.925603068381086,3.824797327060572,0.0,0.0,0.0,0.01
-24.170792192989175,0.5677005273859292,0.0,-2.843102087778057,16.352194442493705,82.38683038497688,24.29178413649997,148.56032698497336,0,-22.72926103666807,-4.117415172701017,-25.173594401283417,3.826904707302123,0.0,0.0,0.0,0.01
-25.168502840612028,0.2248169406010927,0.0,-2.7939048220516574,15.991377970661853,71.29759820678309,25.346770245634325,147.505340875839,0,-23.589348398522873,-4.132547659539014,-26.469463399844354,3.8145604994881315,0.0,0.0,0.0,0.01
-26.15586653956431,-0.16933129857626578,0.0,-2.7367400004975924,15.669376483772648,62.89914811078592,26.409897664364248,146.4422134571091,0,-24.450903861509808,-4.148007564050306,-27.84930035650346,3.782441383213505,0.0,0.0,0.0,0.01
-27.132259256043522,-0.6126944982331434,0.0,-2.697387908910123,15.386454284024618,56.34467273676508,27.482237938532684,145.36987318294067,0,-25.441125048145615,-4.166039368999699,-29.195670563780357,3.72286441387836,0.0,0.0,0.0,0.01
-27.985211097735327,-1.1328782394006618,0.0,-2.5049348584610263,15.137467590559888,4.047398880326049,28.481296479770624,144.3708146417027,0,-25.73856623350614,-4.1715056002113755,-31.1341415445042,3.1261065094526796,0.0,0.0,0.0,0.01
-28.54672952807162,-1.5790859851232972,0.0,-2.4340746681805054,14.988974698369297,3.1932248542648716,29.198516320509995,143.65359480096333,0,-26.32044288714889,-4.182253664696064,-31.9688726870295,2.4223809879606284,0.0,0.0,0.0,0.01
-29.0569288887665,-2.006282727248517,0.0,-2.4567239667065546,14.875941541928393,4.377895886782708,29.86394884461433,142.98816227685901,0,-27.265366547919744,-4.199820114298478,-32.341870636015514,2.015705440613026,0.0,0.0,0.0,0.01
-29.76759889556649,-2.5840068141531196,0.0,-2.552186073870099,14.734165225904249,50.704202706234604,30.77981836542767,142.07229275604567,0,-28.640588680634096,-4.269390479930962,-32.61484523472145,1.6738982242190839,0.0,0.0,0.0,0.01
-30.71127463322212,-3.2335481443932834,0.0,-2.5498804960481367,14.53718956813498,8.487097477730213,31.925430794449834,140.92668032702352,0,-29.644188682927897,-4.821383357516548,-33.33361923484091,0.6685284392651688,0.0,0.0,0.0,0.01
-31.559270757314398,-3.8877300291658337,0.0,-2.361839336448227,14.334749448158979,17.44216238849692,32.996435633299825,139.85567548817352,0,-30.074273214723537,-5.389588091518313,-34.45574114357563,-0.958373395765547,0.0,0.0,0.0,0.01
-32.200476790264204,-4.571861275639536,0.0,-2.26828651922128,14.225894793128905,7.012042753642271,33.93408201605448,138.91802910541887,0,-30.39913632139653,-6.0813972561563965,-35.2964592209724,-1.9774062267614763,0.0,0.0,0.0,0.01
-32.761969130964545,-5.268358923152547,0.0,-2.22996932132739,14.128227191380383,7.563070267627338,34.82872307349389,138.02338804797944,0,-30.728519051254892,-6.8438366357384215,-36.0680676332507,-2.706857877250729,0.0,0.0,0.0,0.01
-33.30435953878915,-6.001044796560167,0.0,-2.1835758731387616,14.027464582435908,8.69617494173618,35.74032383237424,137.1117872890991,0,-31.049128034214032,-7.586617434548565,-36.985727924209584,-3.4128063073244923,0.0,0.0,0.0,0.01
-33.83227227346329,-6.788482265826732,0.0,-2.138413174402782,13.920433044783387,10.521241229285968,36.688347895062556,136.1637632264108,0,-31.38808113470496,-8.346926461030401,-38.0092953642761,-4.125164620212518,0.0,0.0,0.0,0.01
-34.346041385411525,-7.638727343632664,0.0,-2.0891489616259857,13.805802716385147,13.277440440257791,37.68176391704191,135.17034720443144,0,-31.72573910425421,-9.133286118294318,-39.08132408634583,-4.937833495591916,0.0,0.0,0.0,0.01
-34.83403243961745,-8.54887799319706,0.0,-2.036119544126197,13.685489932585341,17.48748118305894,38.714483372599666,134.13762774887368,0,-32.02052499974056,-9.961529580543331,-40.04771835931177,-5.931105747070236,0.0,0.0,0.0,0.01
-35.281327600779235,-9.50689610938461,0.0,-1.9798625161762735,13.562865825859877,24.461780465696418,39.77177787846938,133.08033324300396,0,-32.225970461463994,-10.831458946045535,-40.75093913598643,-7.135702222659128,0.0,0.0,0.0,0.01
-35.67397735440638,-10.494959728313702,0.0,-1.9213565044054033,13.44153771366847,38.496194622375434,40.83500106485816,132.0171100566152,0,-32.28694324183173,-11.733474285702092,-41.12500429530167,-8.501718445637872,0.0,0.0,0.0,0.01
-36.00268700805018,-11.492195417501268,0.0,-1.8634329806353636,13.324497555188762,85.4826486737191,41.885014901047015,130.96709622042633,0,-32.16352484270485,-12.648883159480627,-41.180818767123206,-9.932094209446396,0.0,0.0,0.0,0.01
-36.26248005595111,-12.48460479027646,0.0,-1.8000443449921115,13.214088476476215,122.74366417106633,42.91086517809026,129.94124594338308,0,-31.88952867231792,-13.505034281521294,-40.877428798335146,-11.407705144207364,0.0,0.0,0.0,0.01
-36.45274663204042,-13.475018475645934,0.0,-1.7345627489328035,13.10975429164496,108.04810765982927,43.91938916796055,128.93272195351278,0,-31.58755692004122,-14.27897327729877,-40.39358543299282,-12.82380928050367,0.0,0.0,0.0,0.01
-36.575026932674845,-14.467368004007913,0.0,-1.6696383639754682,13.010713566534582,97.48139195027093,44.919244186632504,127.93286693484083,0,-31.30542872720161,-14.98992869732897,-39.875283076779986,-14.140097485164663,0.0,0.0,0.0,0.01
-36.63035815136051,-15.463139257066437,0.0,-1.6041751697675988,12.916834342966517,89.93812605141547,45.91655152751544,126.9355595939579,0,-31.13144038384719,-15.646754966453903,-39.43913202530612,-15.369350801014162,0.0,0.0,0.0,0.01
-36.61811798249403,-16.464273444862602,0.0,-1.5380251768397124,12.827888226426222,84.7121683099246,46.91776053851572,125.93435058295762,0,-31.093743088818133,-16.283168489719984,-39.143234982116034,-16.547054068869482,0.0,0.0,0.0,0.01
-36.53644980851391,-17.472347136741323,0.0,-1.4707898813908018,12.743777480210781,81.34373340373837,47.929136956522015,124.92297416495133,0,-31.206516626920237,-16.937535339294133,-39.07026321002577,-17.726592969379162,0.0,0.0,0.0,0.01
-36.382042602909465,-18.488824563631567,0.0,-1.402075617759193,12.664479201931782,79.53350144528612,48.95727505255775,123.8948360689156,0,-31.716508701475455,-17.694096940507738,-39.223475830940664,-18.97283465192698,0.0,0.0,0.0,0.01
-36.149991162532416,-19.51494959279418,0.0,-1.331526984307882,12.59008400948308,79.09222021724649,50.009311385796785,122.84279973567655,0,-32.42805123693453,-18.607010533606847,-39.563811968193804,-20.34772532601036,0.0,0.0,0.0,0.01
-35.83343074454951,-20.55186374174709,0.0,-1.2582642306514946,12.521043103460801,79.91022490005246,51.09347071473891,121.75864040673443,0,-32.84016977654575,-19.584676195533653,-40.03146331861092,-21.90833912683132,0.0,0.0,0.0,0.01
-35.42352649660829,-21.6005547797172,0.0,-1.1830309120009295,12.459014058379594,81.9387195793966,52.21942559198715,120.6326855294862,0,-32.639565480558964,-20.463459395119074,-40.47006573370773,-23.66178927316653,0.0,0.0,0.0,0.01
-34.90670807513127,-22.64735589256898,0.0,-1.091080494458076,12.408503470757132,28.662433958313887,53.38685603987076,119.46525508160258,0,-32.084491265369465,-21.179098414668832,-41.05381242879303,-25.845385152219716,0.0,0.0,0.0,0.01
-34.301440137197105,-23.62220679689213,0.0,-0.9970736621211012,12.376529730802117,15.352994489566942,54.53432436725532,118.31778675421802,0,-31.541102251216543,-21.83838474301813,-41.159196506118214,-28.053916810766264,0.0,0.0,0.0,0.01
-33.67562810027657,-24.436859559509035,0.0,-0.906292130792871,12.361583317113398,9.3502777790859,55.56160224066348,117.29050888080985,0,-31.17045222218156,-22.4744362276508,-39.78458619372424,-29.22229678200145,0.0,0.0,0.0,0.01
-33.12400698329491,-25.02005658343234,0.0,-0.8231550443973183,12.350517635524142,5.946385694930018,56.36435041127061,116.48776071020274,0,-30.90906372217817,-22.966360462456702,-38.56239317127069,-30.062530047507494,0.0,0.0,0.0,0.01
-32.74272178198682,-25.33147250205494,0.0,-0.7419264338933858,12.339949713468473,3.996819889605093,56.85664938456642,115.99546173690692,0,-30.803181464054248,-23.215521836849852,-37.696877262305044,-30.736231808777024,0.0,0.0,0.0,0.01
-32.5404679916258,-25.501012784583907,0.0,-0.7189633640561962,12.335225088770834,3.773588297746061,57.120563202157314,115.73154791931603,0,-30.717204061624095,-23.417843246836952,-37.37250607214931,-31.021856129831438,0.0,0.0,0.0,0.01
-32.30449372433183,-25.698647536859244,0.0,-0.7363922220249337,12.332048834005445,4.775547712412517,57.42836727966745,115.4237438418059,0,-30.563924494910715,-23.778539629643532,-37.23762348419244,-31.140626688920694,0.0,0.0,0.0,0.01
-31.92649092641523,-26.002615269035072,0.0,-0.7379213418864523,12.32918613012042,6.6527272685180305,57.91342655175375,114.93868456971958,0,-30.349336066704975,-24.268115326447607,-36.903416719098956,-31.47606478385182,0.0,0.0,0.0,0.01
-31.391416227014844,-26.42626123554792,0.0,-0.7219241752913048,12.337923288222072,9.69418497503081,58.59590793529547,114.25620318617787,0,-30.06128954989137,-24.915574230022273,-36.34129064804589,-32.04806485428793,0.0,0.0,0.0,0.01
-30.701342753014163,-26.954766387925126,0.0,-0.6873285221955493,12.374373166267922,14.556003981804103,59.46511394977571,113.38699717169763,0,-29.604182740716862,-25.61815960815486,-35.53266834007862,-32.84049177216219,0.0,0.0,0.0,0.01
-29.880210618117253,-27.542844321948863,0.0,-0.6399364351634015,12.440966003557861,23.149557473957174,60.47511080098169,112.37700032049165,0,-28.872132417119474,-26.188710481433386,-34.455273152506614,-33.688445917300314,0.0,0.0,0.0,0.01
-28.964906371197518,-28.139427152300375,0.0,-0.587828531840808,12.520295950639808,44.177652419831034,61.567673356581835,111.2844377648915,0,-27.75537661992218,-26.32444807571388,-33.04664209307272,-34.26434051102334,0.0,0.0,0.0,0.01
-28.006873097065014,-28.70201088879311,0.0,-0.5270655234081376,12.617953998357168,54.86773287487977,62.67867660361182,110.17343451786152,0,-26.596877096527855,-26.279261953704083,-31.339182761521226,-34.427807052663404,0.0,0.0,0.0,0.01
-27.032665984548682,-29.202001978509784,0.0,-0.4682917663133709,12.71955599660142,57.25925735947208,63.773697419794544,109.0784137016788,0,-25.540411693753732,-26.251826069470948,-29.621147491097492,-34.319411141759545,0.0,0.0,0.0,0.01
-26.046848590121595,-29.640850631605122,0.0,-0.4140353426376207,12.8385120699057,60.25227076281428,64.85278225217733,107.99932886929601,0,-24.555026252988874,-26.246003744173976,-28.037737822473613,-34.17139287208446,0.0,0.0,0.0,0.01
-25.05224932514162,-30.024343860440485,0.0,-0.36361498641671486,12.981009202161642,63.97809559717399,65.91875352498973,106.93335759648362,0,-23.61558322972762,-26.248965378554775,-26.591820415664106,-34.07014377528919,0.0,0.0,0.0,0.01
-24.051439765787453,-30.357485398693797,0.0,-0.3172547357166151,13.146018055980495,68.61993175975545,66.97355353380868,105.87855758766466,0,-22.703402205749118,-26.2519383873875,-25.251035091883026,-34.01094072651765,0.0,0.0,0.0,0.01
-23.04652467603373,-30.64512435309745,0.0,-0.2748931812755115,13.33310442452323,74.4393953214103,68.01882407568057,104.83328704579277,0,-21.80690008025464,-26.249811420590287,-23.98703800539885,-33.97988425849915,0.0,0.0,0.0,0.01
-22.039209894081107,-30.891854087200436,0.0,-0.23647145224731217,13.542136234114926,81.8214143737448,69.05591550445182,103.79619561702152,0,-20.9187152801027,-26.24211402313977,-22.780417124810054,-33.96765732043065,0.0,0.0,0.0,0.01
-21.03084790930888,-31.102047094267803,0.0,-0.20186676564923053,13.772332030677145,91.35419038468922,70.08595190796085,102.7661592135125,0,-20.033750481914684,-26.22993991013355,-21.61752778267426,-33.96873509012449,0.0,0.0,0.0,0.01
-20.02247238884215,-31.279810373056407,0.0,-0.1709130856876454,14.02226539517912,103.980914834454,71.10987620865998,101.74223491281336,0,-19.148144499609934,-26.214090289576223,-20.488277135579303,-33.97861077687156,0.0,0.0,0.0,0.01
-19.014838882330046,-31.42895458854949,0.0,-0.14340190581969542,14.290082340029379,121.31151954469061,72.12848765590614,100.7236234655672,0,-18.259107823740077,-26.195107610604634,-19.3851423611004,-33.99350678109898,0.0,0.0,0.0,0.01
-18.008463045635192,-31.552974988003932,0.0,-0.11909539061971594,14.573690513835311,146.33333403785156,73.14247650405197,99.70963461742137,0,-17.364751242059754,-26.173543332961234,-18.302446695181363,-34.00976534301926,0.0,0.0,0.0,0.01
-17.003653096007007,-31.65504440235209,0.0,-0.0977347889922449,14.8709178488584,185.2774643478058,74.15245729605604,98.6996538254173,0,-16.46389755553343,-26.14998471007986,-17.23594209853965,-34.02419993464845,0.0,0.0,0.0,0.01
-16.00055135191565,-31.73802032880474,0.0,-0.07906649769441619,15.179648376651338,253.64880472560273,75.1589850469749,97.69312607449844,0,-15.555827570356106,-26.125065712632075,-16.182496132996302,-34.034384591749905,0.0,0.0,0.0,0.01
-14.999115257087784,-31.804449308698995,0.0,-0.06279965294603462,15.497905584658774,403.6697259354288,76.1626219640888,96.68948915738454,0,-14.640373264651185,-26.09947723010336,-15.139657840396838,-34.03945811875218,0.0,0.0,0.0,0.01
-13.99930920287795,-31.85662025633706,0.0,-0.04880907768648345,15.823962311304369,990.5083468320643,77.16378826087076,95.68832286060258,0,-13.716837481436976,-26.073938305822182,-14.105953736431456,-34.03981727214821,0.0,0.0,0.0,0.01
-13.000101077545015,-31.896384633081524,0.0,-0.03617566132122094,16.156184399147296,1834.4102418712669,78.16378730256491,94.68832381890843,0,-12.788486943419935,-26.049309369645155,-13.077532470974816,-34.0358787033085,0.0,0.0,0.0,0.01
-12.000055656852537,-31.92509787149555,0.0,-0.025019292708695573,16.494012355170092,1853.4859500147163,79.16424484464665,93.6878662768267,0,-11.852442559688496,-26.026358151479513,-12.05267994019428,-34.02800714139833,0.0,0.0,0.0,0.01
-10.998919805581446,-31.944182514867393,0.0,-0.01548540921959129,16.83662572890823,1872.4272042579169,80.16556258458384,92.6865485368895,0,-10.906953443956992,-26.005753049459063,-11.031013849312341,-34.01655127654487,0.0,0.0,0.0,0.01
-9.996828315264736,-31.955063046667554,0.0,-0.007353538656090241,17.18298675723423,1891.2261664918126,81.16771314260265,91.68439797887069,0,-9.95294348577166,-25.98731873669407,-10.011879660941084,-34.00184284631659,0.0,0.0,0.0,0.01
-8.99381760689918,-31.95900459148946,0.0,-0.000520144899605177,17.532361368459277,1909.8749298217074,82.17073159550945,90.68137952596389,0,-8.99070293151665,-25.97091338075671,-8.994871004185573,-33.98420409301135,0.0,0.0,0.0,0.01
-7.989948645882178,-31.957179976061866,0.0,0.00512724368119717,17.884150279495845,1928.3655208056955,83.17460221472032,89.67750890675302,0,-8.020716449424967,-25.956385818240143,-7.9796593609578235,-33.96394918779186,0.0,0.0,0.0,0.01
-6.985273663560751,-31.95067058701362,0.0,0.009678483837948728,18.237875691370135,1946.6899018072359,84.1792982843097,88.67281283716365,0,-7.043415081079794,-25.943572465738665,-6.966005948500495,-33.94138666994723,0.0,0.0,0.0,0.01
-5.979845408189519,-31.940479139392817,0.0,0.013213196276364247,18.593106916665278,1964.8399734651748,85.18477819077398,87.66733293069936,0,-6.059237288962088,-25.932299229418973,-5.9537301011023915,-33.91682057200239,0.0,0.0,0.0,0.01
-4.973714953482154,-31.927528174648835,0.0,0.015804345644428213,18.949361908943562,1982.8075772838702,86.19099199478258,86.66111912669076,0,-5.068630260696093,-25.922382080452376,-4.9426880767597865,-33.89055113726185,0.0,0.0,0.0,0.01
-3.96693280150128,-31.91264522262416,0.0,0.01752923996989155,19.305957209462765,2000.584498347092,87.19788414581376,85.65422697565958,0,-4.072101785538312,-25.9136280324925,-3.9327432559089557,-33.86287488024731,0.0,0.0,0.0,0.01
-2.959549429209589,-31.896529421426663,0.0,0.01848483124764996,19.661854130370763,2018.1624681581088,88.20539641760901,84.64671470386433,0,-3.070299000120497,-25.90583601609157,-2.923729977669361,-33.834084125790625,0.0,0.0,0.0,0.01
-1.9516162585309653,-31.879710537271542,0.0,0.018803924070582755,20.015694814049574,2035.5331676102392,89.2134699027372,83.63864121873614,0,-2.0640941478106423,-25.898797637521465,-1.9154190287589916,-33.804466414758544,0.0,0.0,0.0,0.01
-0.9431863548564632,-31.862530487148952,0.0,0.018659766918177403,20.36619532464192,2052.6882300896245,90.2220461391949,82.63006498227844,0,-1.054602438349937,-25.892297714422867,-0.9075089522402775,-33.774304727152135,0.0,0.0,0.0,0.01
0.06568513174692248,-31.84514620260176,0.0,0.01825655045158049,20.712192779516315,2069.619244714074,91.23106739260363,81.62104372886971,0,-0.04311830955777979,-25.88611504811247,0.10035326186677752,-33.743877207566456,0.0,0.0,0.0,0.01
1.0749401882649485,-31.82750892000197,0.0,0.017823069855944576,21.05211476468458,2086.3177597112435,92.24047654792406,80.61163457354928,0,0.9689265261830388,-25.880024159891807,1.1085567484150698,-33.713435462428464,0.0,0.0,0.0,0.01
2.0845170275335234,-31.809338240564514,0.0,0.0176107921598798,21.38426034440897,2102.775285938357,93.25021689473543,79.60189422673791,0,1.9799766502565737,-25.873797765138335,2.117520431009817,-33.68318873032634,0.0,0.0,0.0,0.01
3.094349956386351,-31.79014789738099,0.0,0.017876969804677432,21.707582764052432,2118.983300547226,94.26023214881181,78.59187897266153,0,2.988454477341971,-25.867209107699004,3.127661540817447,-33.653329190417786,0.0,0.0,0.0,0.01
4.104369706427507,-31.76929402889308,0.0,0.018858071743474408,22.02149855036636,2134.933250796625,95.27046716072938,77.58164396074396,0,3.9929192432475897,-25.860033909967942,4.139351019520442,-33.6240523894214,0.0,0.0,0.0,0.01
5.114502064054335,-31.74591625353685,0.0,0.02077970181709458,22.323800005051627,2150.616558015742,96.28087000133571,76.57124112013763,0,4.992011719234796,-25.85205333339545,5.152942593769461,-33.59555765223122,0.0,0.0,0.0,0.01
6.124660962816727,-31.718574838206038,0.0,0.023977276128404078,22.603687540711444,2166.024621721013,97.29139884988045,75.56071227159289,0,5.983755188497925,-25.84306296491266,6.169014659601981,-33.5680424937797,0.0,0.0,0.0,0.01
7.13475510534541,-31.685687842273648,0.0,0.02879588672764976,22.77016736849641,2181.1488238885313,98.30202822372242,74.55008289775093,0,6.966171518545728,-25.832873197582657,7.188215654937656,-33.541708902843794,0.0,0.0,0.0,0.01
8.144691265926173,-31.645723624065177,0.0,0.035485836436879276,22.760633114679774,2195.9805333856716,99.31275478772756,73.53935633374579,0,7.937920120692602,-25.82130557775471,8.211114751638759,-33.51676877616399,0.0,0.0,0.0,0.01
9.154369823028995,-31.596958400919792,0.0,0.044286603033314026,22.548692758253893,2210.5111105630913,100.32361028465165,72.52850083682169,0,8.897837547567836,-25.808197840300053,9.23841350762882,-33.493440104463986,0.0,0.0,0.0,0.01
10.163682877317392,-31.537399737219438,0.0,0.055470111852960156,22.14169870219142,2224.731912010597,101.33467906370615,71.5174320577672,0,9.8447358393226,-25.79340835206278,10.271102598923216,-33.471946486356565,0.0,0.0,0.0,0.01
11.172512553983603,-31.464731202635452,0.0,0.06935410019101364,21.583888296119085,2238.6342954782103,102.34612260263506,70.50598851883828,0,10.777398831999076,-25.77681917119098,11.31059528552433,-33.45251949335946,0.0,0.0,0.0,0.01
12.180744221991093,-31.37698696622777,0.0,0.08604338585949858,20.966466049533715,2252.2096249653277,103.35816516468269,69.49394595679065,0,11.696097324274174,-25.75830657419437,12.358296510497011,-33.43541252654467,0.0,0.0,0.0,0.01
13.188272238421632,-31.272804641398356,0.0,0.10523563073064507,20.358801144978337,2265.449275978085,104.37106528843593,68.48104583303741,0,12.60362185942953,-25.737697039976755,13.415148550460462,-33.42072901547211,0.0,0.0,0.0,0.01
14.194980630148592,-31.15039248330572,0.0,0.12655209430307368,19.781039267949442,2278.3446409588264,105.3851888126786,67.46692230879474,0,13.50342535511716,-25.715006536269527,14.482204482250365,-33.40787289844182,0.0,0.0,0.0,0.01
15.200728632565962,-31.00711909142232,0.0,0.1498184338706789,19.241276236127614,2290.8871348877865,106.40109053488814,66.4510205865852,0,14.398560959994905,-25.692973493462592,15.561300089404954,-33.39580824660782,0.0,0.0,0.0,0.01
16.205371213281666,-30.839818114635598,0.0,0.17510351356471227,18.737123037846818,2303.0682010586997,107.41956799257727,65.43254312889607,0,15.292861235744757,-25.681928301658566,16.655365373979457,-33.38337419018366,0.0,0.0,0.0,0.01
17.20871263455504,-30.645032227398204,0.0,0.20259565264819146,18.260493247298722,2314.879317028821,108.44164213348375,64.41046898798959,0,16.192476294444358,-25.69776743723464,17.768274362897905,-33.36910331921937,0.0,0.0,0.0,0.01
18.210666941354063,-30.41915419398444,0.0,0.2328441635024825,17.80275233161355,2326.3120007452876,109.46874160232403,63.38336951914931,0,17.105519968187338,-25.758947005140215,18.90607985920643,-33.35158613080137,0.0,0.0,0.0,0.01
19.21081266302218,-30.158575103588895,0.0,0.2654855438864375,17.357821861952484,2337.35781684638,110.50227579475425,62.34983532671909,0,18.04312774576626,-25.864098993136523,20.07293312948679,-33.32925556100618,0.0,0.0,0.0,0.01
20.20972320386181,-29.85769435810134,0.0,0.30854024584723644,16.923676919411097,75.26590323816323,111.54551665457794,61.306594466895405,0,18.974580616904696,-25.982356887504423,21.306683032116077,-33.29947474124415,0.0,0.0,0.0,0.01
21.197514028552778,-29.50910044101511,0.0,0.35601246963599925,16.50274175472686,35.24921342862615,112.59301292300718,60.25909819846616,0,19.924335822304847,-26.08526379489075,22.592437600229882,-33.26033527979363,0.0,0.0,0.0,0.01
22.156015753967466,-29.11572083785309,0.0,0.4062998495925165,16.10443883374971,22.64780831994057,113.62909837788378,59.223012743589564,0,20.866588643822993,-26.118719773763036,23.914880610136425,-33.203830824107705,0.0,0.0,0.0,0.01
23.067082967220383,-28.684757999028182,0.0,0.45872542960724255,15.737414377496854,16.486365248161217,114.63695374226522,58.21515737920812,0,21.73440022439801,-25.98626763500622,25.231472864570932,-33.06733540797522,0.0,0.0,0.0,0.01
23.91584016605773,-28.225847999577642,0.0,0.512079544846082,15.406497762235375,12.920861956167217,115.60183050650711,57.25028061496623,0,22.39994018967959,-25.52895902715455,26.458690779282723,-32.749751874627975,0.0,0.0,0.0,0.01
24.694822884471364,-27.74902062247774,0.0,0.564570572245785,15.111452666334834,10.732912150228982,116.51516419314035,56.33694692833299,0,22.71409162390706,-24.621558365438542,27.541509229465788,-32.24377681623947,0.0,0.0,0.0,0.01
25.40486318243078,-27.260979095258335,0.0,0.6165229014281444,14.847280207869304,9.431513513125429,117.37675676333635,55.475354358137,0,22.810214772248706,-23.599700320221206,28.491675655111855,-31.61674496488303,0.0,0.0,0.0,0.01
26.071694580770153,-26.75816896008839,0.0,0.6567741728313921,14.608157564153926,10.042220683612776,118.21191072868696,54.64020039278638,0,23.171197784647873,-22.99592652918351,29.31923882408686,-30.970567596343223,0.0,0.0,0.0,0.01
26.72435691279471,-26.22281041142913,0.0,0.6968985937516858,14.378278004670504,11.240049585669473,119.05605342708948,53.79605769438386,0,23.912126467115698,-22.862919328443162,30.12218361870703,-30.282338203067805,0.0,0.0,0.0,0.01
27.365317206111815,-25.64841148340602,0.0,0.7423238320245341,14.154453490707386,12.316740953063263,119.91673003657951,52.935381084893834,0,24.891325026546294,-22.951550403154737,30.941820465083087,-29.54710304847216,0.0,0.0,0.0,0.01
27.98713599763909,-25.035733636679467,0.0,0.7915177911914527,13.940921850239562,13.136026214755802,120.78967491076455,52.062436210708796,0,25.842244769037535,-22.916934929236657,31.771977103456674,-28.774532292735902,0.0,0.0,0.0,0.01
28.581492991236544,-24.388321760685116,0.0,0.8441787400192153,13.741662429829223,13.575415189404172,121.66853916252174,51.1835719589516,0,26.301223872783233,-22.36151691992669,32.602996206031705,-27.962813085814762,0.0,0.0,0.0,0.01
29.138818684967244,-23.713404031548922,0.0,0.8996770562604444,13.560640621230934,13.549943675618245,122.54382532715292,50.308285794320426,0,26.288176418809613,-21.449772885895698,33.42071340016831,-27.11356067512588,0.0,0.0,0.0,0.01
29.652109490391968,-23.01907952634356,0.0,0.9557646229345521,13.401103476552052,13.381204091472096,123.40727999849487,49.44483112297847,0,26.1295480470062,-20.530618879785898,34.20498738126977,-26.23539175882578,0.0,0.0,0.0,0.01
30.122581292831374,-22.30640867487959,0.0,1.0105252907325166,13.263317632289384,13.517299360364259,124.26123752637139,48.590873595101954,0,26.05633029560402,-19.755538943143936,34.938687141278734,-25.32768272855124,0.0,0.0,0.0,0.01
30.554528201710372,-21.571703725624317,0.0,1.0650305616003606,13.14432679979057,13.805393762958454,125.11351066014385,47.7386004613295,0,26.09283925403289,-19.10076342648514,35.62285062475374,-24.37860538797519,0.0,0.0,0.0,0.01
30.94877629899211,-20.811774825759926,0.0,1.1194710532756078,13.034953831873963,14.23189236115638,125.96962017128092,46.88249095019242,0,26.366327056839232,-18.590704618467008,36.25136068053445,-23.381887787004054,0.0,0.0,0.0,0.01
31.303970633366344,-20.023897740344474,0.0,1.1745126370295567,12.923527951593082,14.782645220126502,126.83386164037061,46.01824948110273,0,27.42585836620141,-18.401220119679316,36.81519440898722,-22.329900988083228,0.0,0.0,0.0,0.01
31.616700735477774,-19.206614185786226,0.0,1.2308439817256438,12.80657643366812,15.442266833138918,127.70893450894671,45.14317661252663,0,29.46983869801896,-18.44730501954393,37.30462745010349,-21.21833865432353,0.0,0.0,0.0,0.01
31.88229805305054,-18.36007245042615,0.0,1.2890974378149067,12.688871531627967,16.19353858580223,128.5961632533009,44.255947868172456,0,30.10000704416401,-17.844287070423363,37.70686055079199,-20.045669340198042,0.0,0.0,0.0,0.01
32.09620083788157,-17.48621495410202,0.0,1.3495697951858177,12.577470355395935,17.01693529887273,129.49581947944526,43.35629164202808,0,30.167937018920295,-17.05253368811206,38.027290303762975,-18.820162292101017,0.0,0.0,0.0,0.01
32.254920190974744,-16.588516138523975,0.0,1.4121574548374631,12.476604023729989,17.890315089953475,130.40744165805685,42.44466946341649,0,30.06496145196932,-16.238159552996223,38.27184491235278,-17.55112295079522,0.0,0.0,0.0,0.01
32.35584436289518,-15.671391949671925,0.0,1.4764192406752863,12.3837943304399,18.82910853705643,131.33010219490416,41.522008926569185,0,29.903515443328622,-15.43925867608676,38.44021092231784,-16.2473277125551,0.0,0.0,0.0,0.01
32.39667656599276,-14.73926779585631,0.0,1.5416691772419633,12.294371629367639,20.06077689672654,132.26312025846792,40.58899086300542,0,29.76401349886262,-14.66256413218866,38.52544542823579,-14.917831863311664,0.0,0.0,0.0,0.01
32.37512442520957,-13.797002035062164,0.0,1.6081705176973495,12.205665031579978,21.374661838828025,133.20563246461558,39.64647865685777,0,29.6469486750247,-13.899012898071529,38.53785530562476,-13.566567652100204,0.0,0.0,0.0,0.01
32.28878540398555,-12.85057684333622,0.0,1.6757539784923314,12.118085833709705,22.74686199753386,134.15598769826212,38.69612342321122,0,29.635384630258333,-13.130098726635582,38.448541776969606,-12.201678750334228,0.0,0.0,0.0,0.01
32.13598860000917,-11.9064481969876,0.0,1.7443081950150137,12.03354422534906,24.14945006886653,135.1124006656363,37.73971045583704,0,29.688232187539835,-12.33547715271623,38.1997004078645,-10.843634948287242,0.0,0.0,0.0,0.01
31.916038974884938,-10.971285249780381,0.0,1.8135897495289275,11.954190300757901,25.550294306478833,136.07308145311026,36.77902966836308,0,29.82177592276698,-11.489991162581298,37.792806612911484,-9.515730696154165,0.0,0.0,0.0,0.01
31.629339064162714,-10.051943725766636,0.0,1.8835429058252424,11.881949083857794,26.913062205628872,137.03609011173387,35.81602100973947,0,28.829764632558717,-10.957210150241009,37.24832940695175,-8.2349949640728,0.0,0.0,0.0,0.01
31.2773604425385,-9.154403869360282,0.0,1.9531483500331324,11.818598532603044,28.19745291767176,138.00017866779,34.85193245368333,0,26.936064374348724,-10.900223669687536,36.6314844035353,-7.001282894035424,0.0,0.0,0.0,0.01
30.863465920229835,-8.291376604837835,0.0,2.027625085684036,11.765731126474073,23.468292525934988,138.9573227190729,33.89478840240045,0,26.264635842156817,-10.551725814174198,35.96829816948026,-5.782324662822409,0.0,0.0,0.0,0.01
30.394677290459185,-7.478094580462015,0.0,2.1014830763637424,11.724897188934618,19.286123974994144,139.8960401582286,32.95607096324474,0,26.01588030278122,-10.047747340231584,35.27754499679755,-4.612633013622932,0.0,0.0,0.0,0.01
29.880435717460422,-6.72104867118081,0.0,2.1726823813272986,11.69686977012141,16.374767625051167,140.81122478668323,32.040886334790116,0,25.944917693833393,-9.424392201987768,34.577440724072694,-3.4946327273171063,0.0,0.0,0.0,0.01
29.330098009864614,-6.022578401188354,0.0,2.2408658730049504,11.682089336943166,14.320523206762292,141.70045608981258,31.151655031660766,0,26.049752931571724,-8.621816833138224,33.87195224012018,-2.423761268895071,0.0,0.0,0.0,0.01
28.75177108419602,-5.382261171695789,0.0,2.3058310665656405,11.680608529610193,12.903348119130586,142.56328178909274,30.2888293323806,0,26.08432844547106,-7.793697585459163,33.161028366601776,-1.39617974145857,0.0,0.0,0.0,0.01
28.14906482455247,-4.7931880521732495,0.0,2.3656388021635535,11.6928794018695,12.26796832957114,143.4060522059665,29.446058915506853,0,25.850925226350235,-7.135151534410996,32.45300935762607,-0.40717036468365353,0.0,0.0,0.0,0.01
27.52455337274689,-4.24999575379104,0.0,2.422440584932393,11.721144766704308,11.771991120223657,144.2337432270958,28.618367894377542,0,25.20321829094216,-6.901226640642102,31.73874100230868,0.5630898253031684,0.0,0.0,0.0,0.01
26.88947008307892,-3.7568802949860522,0.0,2.4782355245574057,11.766034542899531,10.929331323856156,145.03779150955646,27.814319611916886,0,24.374612989071107,-6.974874851854786,31.008574795263122,1.5138989371876843,0.0,0.0,0.0,0.01
26.258197288158975,-3.3181463929348745,0.0,2.5316177972569935,11.82419750345317,9.88697542648621,145.80655205642074,27.0455590650526,0,23.659471017492276,-7.036554313737768,30.25613443602495,2.402333414922316,0.0,0.0,0.0,0.01
25.640802349836974,-2.932736955772285,0.0,2.5816127681462486,11.891167025115891,8.792935051811886,146.5343686158089,26.317742505664455,0,23.108038056618625,-6.972739148407358,29.471046810482964,3.176870661790589,0.0,0.0,0.0,0.01
25.045364659074963,-2.5982048988309803,0.0,2.6305751080752557,11.962059924270731,7.776442104590737,147.21734573160515,25.634765389868193,0,22.73565051668164,-6.7175791009065655,28.632873358858316,3.800115359231775,0.0,0.0,0.0,0.01
24.436471546750862,-2.293920798264002,0.0,2.660972853807178,12.033636987752988,8.54075215465854,147.89803628985726,24.954074831616083,0,22.63557815587947,-5.747885581386294,27.830314056697908,4.215188829346146,0.0,0.0,0.0,0.01
23.75637247167199,-1.9836924687931574,0.0,2.6878357265165675,12.129770135249005,10.490606506149833,148.64554974681266,24.20656137466068,0,22.74468663515003,-4.058106814043891,26.906050392328478,4.474574342563413,0.0,0.0,0.0,0.01
22.98392963760135,-1.6571189324073163,0.0,2.718855798645936,12.267096867950212,13.671761198795247,149.48419043660456,23.36792068486878,0,22.254037271399298,-3.279609522009445,25.778431154319662,4.554827682539323,0.0,0.0,0.0,0.01
22.11988582482395,-1.3209496637897666,0.0,2.752486354806147,12.441931236005798,19.080039034679587,150.41132661191097,22.440784509562377,0,21.35691952966821,-3.181794993018073,24.50239249602486,4.4898920983021595,0.0,0.0,0.0,0.01
21.176374138389463,-0.9855288123037427,0.0,2.787392324911049,12.648447466172627,29.81898420558769,151.4126864124073,21.43942470906603,0,20.312974312480584,-3.3203301785804133,23.15504250458049,4.365176001573254,0.0,0.0,0.0,0.01
20.175112828745288,-0.6626277243057921,0.0,2.8216206501658747,12.885839417143742,62.133597050705895,152.4647269642971,20.38738415717623,0,19.230294059040425,-3.5139782764702323,21.812262849753864,4.27809611190364,0.0,0.0,0.0,0.01
19.14083205905357,-0.3611469503026015,0.0,2.851875683964996,13.149301321453029,1365.083124021044,153.54205113447415,19.310059986999192,0,18.155407435990828,-3.6667809283353874,20.51548913934614,4.250178001813037,0.0,0.0,0.0,0.01
18.101932960633217,-0.08717659822510937,0.0,2.885851834274526,13.433883448152852,253.0482566781329,154.616467762471,18.235643359002353,0,17.1483457022796,-3.734254816901268,19.237249134489595,4.254939818190953,0.0,0.0,0.0,0.01
17.071553318595917,0.15200752809450763,0.0,2.9170117509937215,13.732229248457205,263.46768582059434,155.6742443234744,17.177866797998945,0,16.182463429650912,-3.7400947135698432,18.012953187187687,4.273103251268635,0.0,0.0,0.0,0.01
16.04905674474419,0.36035422843757886,0.0,2.9436653653324374,14.04378493631171,275.7922763631585,156.71775167423067,16.134359447242673,0,15.231040468351118,-3.718448114601544,16.83641545854526,4.286291473628643,0.0,0.0,0.0,0.01
15.033031388094578,0.5428672538828592,0.0,2.9669453048996446,14.366727516131391,290.38455018506573,157.7500396814322,15.10207144004113,0,14.284965237884734,-3.6967898756817092,15.693861049122582,4.288112487902997,0.0,0.0,0.0,0.01
14.022288252240209,0.7033367068633175,0.0,2.987170767335058,14.698506705303569,307.71432809725275,158.77344191516858,14.078669206304767,0,13.339591561925838,-3.6824502096586156,14.579420733696576,4.28247277505702,0.0,0.0,0.0,0.01
13.015741340178435,0.844968199053095,0.0,3.004799051509827,15.036824784893753,328.40030292762725,159.78990448986625,13.062206631607097,0,12.393647992055858,-3.674308903864529,13.487570336455075,4.272630600203689,0.0,0.0,0.0,0.01
12.012377354494797,0.9704030046456785,0.0,3.0201823729966146,15.379834489389676,353.27263343280714,160.80107864807096,12.051032473402387,0,11.44603703176292,-3.6713363658951326,12.413916823765563,4.261430481462791,0.0,0.0,0.0,0.01
11.01125285447202,1.0818474172357382,0.0,3.0336379693266773,15.726080698760587,383.47009227978236,161.80838700286773,11.04372411860561,0,10.495981132943642,-3.672633339937406,11.354747002031266,4.251313635812398,0.0,0.0,0.0,0.01
10.011476245778633,1.1811494185887979,0.0,3.045437339132348,16.07443753209282,420.5962675511627,162.81308305380213,10.039028067671211,0,9.542857158524505,-3.677385329513559,10.306838278138487,4.243394932101543,0.0,0.0,0.0,0.01
9.012205593840472,1.2698675369157493,0.0,3.055807321205594,16.424050660379294,466.98140699449266,163.81628429998577,9.035826821487575,0,8.586119638112768,-3.6848283815295564,9.267399445424665,4.237362517352761,0.0,0.0,0.0,0.01
8.012619538588094,1.3493179219799911,0.0,3.064964039215092,16.774286744123113,526.1438368522347,164.819022872866,8.033088248607356,0,7.625381121310637,-3.694231097577696,8.233992655899657,4.232570509941357,0.0,0.0,0.0,0.01
7.012019130480221,1.4206411463139932,0.0,3.0729930531415386,17.124709077993924,565.2772569106019,165.82216203521338,7.029949086259961,0,6.659846835520463,-3.705040190939533,7.204933133890166,4.228402350488866,0.0,0.0,0.0,0.01
6.010289628339619,1.484843395211489,0.0,3.0799946546742523,17.474775578822694,554.1609388155466,166.82594683496995,6.026164286503388,0,5.689460144592994,-3.7170074900558836,6.179245974159894,4.224260317912307,0.0,0.0,0.0,0.01
5.007733940215742,1.5427540176797496,0.0,3.086203258320024,17.82381282464471,542.9706576597256,167.83017367587007,5.021937445603271,0,4.715381084289474,-3.7299848390244983,5.156152259896263,4.219557152530926,0.0,0.0,0.0,0.01
4.004564134574775,1.595053914553859,0.0,3.0916981361746547,18.17136551524856,531.7186697297393,168.83470587453908,4.01740524693426,0,3.737962132709675,-3.743823922371176,4.1353294592883865,4.213714273695029,0.0,0.0,0.0,0.01
3.001021415763843,1.6423455147186463,0.0,3.096576960422302,18.517026515010055,520.4169101204145,169.83936227546658,3.012748846006758,0,2.7577402930254067,-3.758365973079447,3.1165112870611305,4.2061592114766775,0.0,0.0,0.0,0.01
1.9973430652495856,1.6851501792986177,0.0,3.1009198128196704,18.860449322858017,509.076997421066,170.84395297351273,2.0081581479606143,0,1.7752039482624662,-3.773445921709234,2.099536065690349,4.1963257044476014,0.0,0.0,0.0,0.01
0.9937708395674658,1.7239191071909343,0.0,3.104801173304077,19.20133052438194,497.71023814759053,171.84827375988056,1.0038373615927867,0,0.7908547613828729,-3.7888928734916334,1.0843089808041781,4.183653960061731,0.0,0.0,0.0,0.01
